ID,SalesUnit,Design,Quality,Price,Promotion,AdvertisingSpending,SalesforceExperience,Location,Season
1,168068,2,1,709.19,YesPromotion,52228.61,Average,Europe,2Spring
1,139960,2,1,1217.47,NoPromotion,88063.74,Average,Europe,3Summer
1,244564,1,2,1596.30,YesPromotion,118553.45,Average,Europe,4Fall
1,180412,1,2,1580.86,NoPromotion,140393.06,Average,Europe,1Winter
2,167068,1,1,1898.79,YesPromotion,447104.62,Average,NorthAmerica,2Spring
2,267980,2,1,910.21,YesPromotion,163613.75,Average,NorthAmerica,3Summer
2,249788,1,2,1528.79,NoPromotion,392160.77,Average,NorthAmerica,4Fall
2,42753,2,2,546.17,NoPromotion,97498.79,Average,NorthAmerica,1Winter
3,87319,2,2,454.91,YesPromotion,108865.82,Average,Europe,2Spring
3,184063,1,1,1815.65,YesPromotion,54144.22,Average,Europe,3Summer
3,104320,1,1,1904.26,NoPromotion,105376.41,Average,Europe,4Fall
3,116834,1,1,2020.64,NoPromotion,222182.66,Average,Europe,1Winter
4,195290,1,2,1449.96,YesPromotion,176492.18,Average,Europe,2Spring
4,94398,2,2,667.67,NoPromotion,87891.66,Average,Europe,3Summer
4,231467,1,2,1170.74,YesPromotion,55925.98,Average,Europe,4Fall
4,162829,2,1,735.49,YesPromotion,164641.83,Average,Europe,1Winter
5,127321,1,2,1544.61,NoPromotion,336661.27,Average,NorthAmerica,2Spring
5,253663,2,1,755.53,YesPromotion,281327.00,Average,NorthAmerica,3Summer
5,141226,1,2,1721.70,NoPromotion,306648.53,Average,NorthAmerica,4Fall
5,61804,1,1,2062.38,NoPromotion,125270.02,Average,NorthAmerica,1Winter
6,86383,1,2,1446.94,YesPromotion,154898.18,Low,Europe,2Spring
6,189024,2,1,756.41,YesPromotion,190281.42,Low,Europe,3Summer
6,147583,2,1,1004.82,NoPromotion,55590.57,Low,Europe,4Fall
6,173394,2,1,1127.31,NoPromotion,100905.27,Low,Europe,1Winter
7,20521,1,2,1557.80,NoPromotion,146904.65,Average,NorthAmerica,2Spring
7,177870,1,2,1415.01,YesPromotion,161680.76,Average,NorthAmerica,3Summer
7,290934,2,1,945.56,YesPromotion,270231.03,Average,NorthAmerica,4Fall
7,30773,1,1,2127.92,NoPromotion,200832.82,Average,NorthAmerica,1Winter
8,136461,1,2,1701.13,YesPromotion,389945.60,Low,NorthAmerica,2Spring
8,40778,2,2,547.49,YesPromotion,256195.50,Low,NorthAmerica,3Summer
8,101466,1,2,1244.85,YesPromotion,288457.47,Low,NorthAmerica,4Fall
8,127593,1,1,1753.34,YesPromotion,312552.88,Low,NorthAmerica,1Winter
9,84629,1,1,1910.07,YesPromotion,368799.13,Average,NorthAmerica,2Spring
9,118548,2,2,407.28,YesPromotion,191141.27,Average,NorthAmerica,3Summer
9,211009,1,1,1952.05,YesPromotion,380428.40,Average,NorthAmerica,4Fall
9,191607,1,2,1369.22,YesPromotion,241915.98,Average,NorthAmerica,1Winter
10,22618,2,2,554.25,NoPromotion,91365.00,Low,Europe,2Spring
10,188727,2,1,857.08,NoPromotion,147042.22,Low,Europe,3Summer
10,13475,1,1,2171.23,NoPromotion,171587.55,Low,Europe,4Fall
10,153640,1,2,1463.36,NoPromotion,193858.93,Low,Europe,1Winter
11,125539,1,2,1498.24,YesPromotion,202546.19,High,Europe,2Spring
11,132849,2,1,660.59,YesPromotion,201981.23,High,Europe,3Summer
11,163265,1,2,1325.48,YesPromotion,180203.76,High,Europe,4Fall
11,18089,2,2,299.67,YesPromotion,186850.94,High,Europe,1Winter
12,218623,1,1,1956.37,YesPromotion,331462.41,High,NorthAmerica,2Spring
12,193864,2,2,562.29,NoPromotion,374981.84,High,NorthAmerica,3Summer
12,230058,1,1,2140.44,NoPromotion,378232.68,High,NorthAmerica,4Fall
12,188878,1,2,1197.62,YesPromotion,203801.96,High,NorthAmerica,1Winter
13,27945,2,1,648.52,YesPromotion,98888.91,High,Europe,2Spring
13,138354,2,1,1058.04,NoPromotion,95424.01,High,Europe,3Summer
13,30863,2,2,504.03,NoPromotion,146290.16,High,Europe,4Fall
13,75038,2,2,403.70,YesPromotion,197995.34,High,Europe,1Winter
14,195776,2,1,1107.51,NoPromotion,206740.22,High,Europe,2Spring
14,176913,2,2,478.07,YesPromotion,182133.32,High,Europe,3Summer
14,242250,2,1,1061.48,NoPromotion,101654.67,High,Europe,4Fall
14,210660,2,1,902.75,NoPromotion,145627.32,High,Europe,1Winter
15,105945,2,2,413.61,YesPromotion,383478.63,Low,NorthAmerica,2Spring
15,8624,2,2,593.40,NoPromotion,193940.48,Low,NorthAmerica,3Summer
15,28813,2,2,609.96,NoPromotion,326096.92,Low,NorthAmerica,4Fall
15,192564,2,1,1303.27,NoPromotion,439208.15,Low,NorthAmerica,1Winter
16,98632,2,2,448.34,YesPromotion,407161.61,Low,NorthAmerica,2Spring
16,117154,1,2,1391.70,YesPromotion,124720.05,Low,NorthAmerica,3Summer
16,56799,1,2,1556.05,NoPromotion,312814.57,Low,NorthAmerica,4Fall
16,266211,2,1,871.57,YesPromotion,400678.74,Low,NorthAmerica,1Winter
17,195683,2,1,1061.38,NoPromotion,265475.22,High,NorthAmerica,2Spring
17,254791,1,2,1348.69,YesPromotion,260567.78,High,NorthAmerica,3Summer
17,233773,1,1,1977.25,YesPromotion,293554.81,High,NorthAmerica,4Fall
17,381043,2,1,741.04,YesPromotion,534495.04,High,NorthAmerica,1Winter
18,94127,1,2,1151.42,YesPromotion,259910.90,Low,NorthAmerica,2Spring
18,37736,2,2,507.37,NoPromotion,232649.83,Low,NorthAmerica,3Summer
18,70944,1,1,1967.15,YesPromotion,176605.07,Low,NorthAmerica,4Fall
18,130424,2,2,418.78,YesPromotion,351492.88,Low,NorthAmerica,1Winter
19,162060,2,2,480.42,YesPromotion,299598.33,High,NorthAmerica,2Spring
19,257242,1,2,1416.97,YesPromotion,250982.75,High,NorthAmerica,3Summer
19,150725,2,2,633.83,YesPromotion,244271.41,High,NorthAmerica,4Fall
19,254196,1,1,1956.54,YesPromotion,450391.02,High,NorthAmerica,1Winter
20,241758,2,1,1253.02,YesPromotion,244275.32,High,NorthAmerica,2Spring
20,145892,2,2,421.88,YesPromotion,191149.02,High,NorthAmerica,3Summer
20,313128,1,1,1912.09,YesPromotion,341302.46,High,NorthAmerica,4Fall
20,179120,2,2,338.69,YesPromotion,268888.10,High,NorthAmerica,1Winter
21,48095,2,2,531.16,NoPromotion,99745.74,High,NorthAmerica,2Spring
21,128818,2,1,1054.61,NoPromotion,142799.53,High,NorthAmerica,3Summer
21,246660,2,1,1345.88,YesPromotion,134620.07,High,NorthAmerica,4Fall
21,164051,2,1,1552.06,NoPromotion,206382.01,High,NorthAmerica,1Winter
22,128468,2,1,1280.95,NoPromotion,363027.64,Low,NorthAmerica,2Spring
22,95152,1,2,1554.51,NoPromotion,362766.99,Low,NorthAmerica,3Summer
22,8078,1,1,2102.57,NoPromotion,271197.81,Low,NorthAmerica,4Fall
22,42087,2,2,500.52,NoPromotion,397972.12,Low,NorthAmerica,1Winter
23,125190,2,2,477.54,YesPromotion,232362.26,Average,Europe,2Spring
23,170687,2,1,873.76,YesPromotion,50601.68,Average,Europe,3Summer
23,157301,1,1,2070.98,NoPromotion,55858.33,Average,Europe,4Fall
23,161492,2,1,1045.08,NoPromotion,141893.09,Average,Europe,1Winter
24,200692,1,2,1286.07,YesPromotion,258099.12,High,NorthAmerica,2Spring
24,273977,1,2,1601.75,NoPromotion,345445.67,High,NorthAmerica,3Summer
24,264033,1,1,2096.78,NoPromotion,311853.87,High,NorthAmerica,4Fall
24,313031,2,1,980.12,NoPromotion,251545.28,High,NorthAmerica,1Winter
25,101677,2,2,502.65,NoPromotion,244060.21,Low,Europe,2Spring
25,205019,1,2,1574.56,NoPromotion,189815.33,Low,Europe,3Summer
25,224792,2,1,843.01,YesPromotion,70734.17,Low,Europe,4Fall
25,168761,1,2,1346.50,NoPromotion,209272.76,Low,Europe,1Winter
26,9114,1,1,2147.06,NoPromotion,155807.20,Low,NorthAmerica,2Spring
26,133110,2,2,598.92,NoPromotion,373162.84,Low,NorthAmerica,3Summer
26,48995,1,2,1746.31,NoPromotion,278286.79,Low,NorthAmerica,4Fall
26,213390,2,1,861.81,YesPromotion,186121.64,Low,NorthAmerica,1Winter
27,123586,2,1,1208.08,NoPromotion,114513.20,Average,Europe,2Spring
27,153656,2,2,591.77,YesPromotion,95958.35,Average,Europe,3Summer
27,201330,1,2,1670.45,NoPromotion,75885.29,Average,Europe,4Fall
27,116414,1,1,1973.65,NoPromotion,213913.16,Average,Europe,1Winter
28,126337,1,2,1510.00,NoPromotion,97171.88,Average,Europe,2Spring
28,184255,2,1,1488.85,NoPromotion,203228.99,Average,Europe,3Summer
28,119364,2,2,540.73,NoPromotion,151332.95,Average,Europe,4Fall
28,185777,1,1,1850.70,YesPromotion,173396.18,Average,Europe,1Winter
29,246207,2,1,947.97,YesPromotion,495480.35,Average,NorthAmerica,2Spring
29,174246,1,2,1145.92,YesPromotion,226162.52,Average,NorthAmerica,3Summer
29,51904,1,1,2071.93,NoPromotion,308151.66,Average,NorthAmerica,4Fall
29,22532,2,2,416.29,YesPromotion,172198.69,Average,NorthAmerica,1Winter
30,125204,1,1,1987.51,YesPromotion,131559.32,High,Europe,2Spring
30,151802,2,1,1068.67,NoPromotion,84996.47,High,Europe,3Summer
30,165738,1,2,1548.00,NoPromotion,126256.34,High,Europe,4Fall
30,155389,1,1,1859.55,NoPromotion,199727.54,High,Europe,1Winter
31,97212,1,2,1357.89,YesPromotion,265048.90,Low,NorthAmerica,2Spring
31,139012,2,2,401.14,YesPromotion,415920.90,Low,NorthAmerica,3Summer
31,205997,2,1,884.26,NoPromotion,402689.18,Low,NorthAmerica,4Fall
31,9742,1,1,2202.92,NoPromotion,252353.60,Low,NorthAmerica,1Winter
32,6497,1,1,2025.70,NoPromotion,216831.06,Low,Europe,2Spring
32,156821,1,2,1222.29,YesPromotion,203643.32,Low,Europe,3Summer
32,117024,2,2,563.21,YesPromotion,217474.89,Low,Europe,4Fall
32,177262,2,1,914.61,YesPromotion,160559.23,Low,Europe,1Winter
33,175828,1,2,1673.43,NoPromotion,128174.23,High,Europe,2Spring
33,239971,2,1,910.32,YesPromotion,162957.87,High,Europe,3Summer
33,132994,2,2,496.29,YesPromotion,157634.37,High,Europe,4Fall
33,216452,2,1,1256.17,NoPromotion,174817.12,High,Europe,1Winter
34,154313,2,1,1046.24,YesPromotion,328894.73,Average,NorthAmerica,2Spring
34,72210,1,1,2137.82,YesPromotion,279338.78,Average,NorthAmerica,3Summer
34,63671,1,1,1978.14,YesPromotion,222306.14,Average,NorthAmerica,4Fall
34,81926,1,2,1459.73,YesPromotion,357091.82,Average,NorthAmerica,1Winter
35,155363,1,1,2040.29,NoPromotion,577185.96,Average,NorthAmerica,2Spring
35,61258,1,1,1957.19,YesPromotion,297233.70,Average,NorthAmerica,3Summer
35,88934,2,2,526.55,NoPromotion,367009.61,Average,NorthAmerica,4Fall
35,88500,1,1,2055.19,NoPromotion,408666.94,Average,NorthAmerica,1Winter
36,104178,1,1,1960.29,YesPromotion,349612.63,Average,NorthAmerica,2Spring
36,255297,1,2,1303.49,YesPromotion,315485.73,Average,NorthAmerica,3Summer
36,318959,2,1,899.29,YesPromotion,163549.74,Average,NorthAmerica,4Fall
36,181259,1,2,1430.30,YesPromotion,188364.08,Average,NorthAmerica,1Winter
37,23938,2,2,557.52,NoPromotion,185813.17,Low,Europe,2Spring
37,121931,1,2,1492.00,NoPromotion,156138.78,Low,Europe,3Summer
37,129721,2,1,1184.63,NoPromotion,151059.05,Low,Europe,4Fall
37,5405,1,1,1923.72,YesPromotion,55821.11,Low,Europe,1Winter
38,143683,2,1,1072.32,NoPromotion,146591.02,Average,Europe,2Spring
38,261149,1,2,1659.23,YesPromotion,271781.32,Average,Europe,3Summer
38,118238,2,1,1096.82,NoPromotion,169191.66,Average,Europe,4Fall
38,177782,1,1,1923.12,YesPromotion,199764.25,Average,Europe,1Winter
39,150705,1,2,1596.35,YesPromotion,58985.10,High,Europe,2Spring
39,253421,1,2,1375.69,YesPromotion,77834.39,High,Europe,3Summer
39,183905,1,1,1998.16,YesPromotion,205359.57,High,Europe,4Fall
39,145644,1,1,1948.20,YesPromotion,127805.27,High,Europe,1Winter
40,19339,1,2,1687.38,NoPromotion,57212.56,Average,NorthAmerica,2Spring
40,14732,2,2,344.18,YesPromotion,90135.58,Average,NorthAmerica,3Summer
40,116530,2,2,509.22,NoPromotion,276252.08,Average,NorthAmerica,4Fall
40,349253,2,1,952.23,YesPromotion,368400.79,Average,NorthAmerica,1Winter
41,213258,1,2,1292.27,YesPromotion,422784.77,High,NorthAmerica,2Spring
41,132179,2,2,502.56,NoPromotion,317643.94,High,NorthAmerica,3Summer
41,180041,2,2,454.11,YesPromotion,295060.53,High,NorthAmerica,4Fall
41,105100,2,2,603.89,NoPromotion,310755.60,High,NorthAmerica,1Winter
42,203196,1,1,1812.63,YesPromotion,300665.82,Average,NorthAmerica,2Spring
42,164419,1,1,2024.08,NoPromotion,74526.31,Average,NorthAmerica,3Summer
42,98718,1,1,2051.93,NoPromotion,188363.01,Average,NorthAmerica,4Fall
42,216658,2,2,322.21,YesPromotion,336204.92,Average,NorthAmerica,1Winter
43,140500,2,1,1155.58,NoPromotion,120915.89,Low,NorthAmerica,2Spring
43,21242,1,1,2129.49,NoPromotion,212632.51,Low,NorthAmerica,3Summer
43,43707,1,1,2074.78,NoPromotion,271485.48,Low,NorthAmerica,4Fall
43,57974,1,2,1858.79,NoPromotion,285149.43,Low,NorthAmerica,1Winter
44,150441,2,2,556.52,YesPromotion,273317.29,Average,NorthAmerica,2Spring
44,274821,2,1,659.90,YesPromotion,370611.24,Average,NorthAmerica,3Summer
44,121470,2,2,397.38,YesPromotion,141327.21,Average,NorthAmerica,4Fall
44,48238,1,1,2137.91,NoPromotion,359529.73,Average,NorthAmerica,1Winter
45,127595,2,1,929.14,YesPromotion,225140.69,Low,NorthAmerica,2Spring
45,9694,1,1,1891.30,NoPromotion,221203.95,Low,NorthAmerica,3Summer
45,42165,1,1,1796.74,YesPromotion,254325.94,Low,NorthAmerica,4Fall
45,167508,2,1,772.22,YesPromotion,280257.65,Low,NorthAmerica,1Winter
46,142372,2,1,853.03,NoPromotion,160074.02,Average,Europe,2Spring
46,161384,1,1,2056.49,NoPromotion,139040.13,Average,Europe,3Summer
46,241246,2,1,1108.52,NoPromotion,123320.35,Average,Europe,4Fall
46,132051,2,2,681.02,NoPromotion,161564.61,Average,Europe,1Winter
47,74821,2,2,598.97,NoPromotion,339118.90,Low,NorthAmerica,2Spring
47,133758,1,2,1343.60,YesPromotion,259335.32,Low,NorthAmerica,3Summer
47,319391,2,1,999.45,NoPromotion,479453.04,Low,NorthAmerica,4Fall
47,122185,2,2,528.84,NoPromotion,464671.04,Low,NorthAmerica,1Winter
48,129799,2,2,545.93,NoPromotion,211810.85,Average,Europe,2Spring
48,326632,1,2,1264.90,YesPromotion,149629.83,Average,Europe,3Summer
48,200592,1,2,1346.93,NoPromotion,113080.81,Average,Europe,4Fall
48,265947,1,2,1417.20,YesPromotion,199131.95,Average,Europe,1Winter
49,119355,1,2,1465.54,NoPromotion,327474.87,Average,NorthAmerica,2Spring
49,222611,1,1,2182.35,NoPromotion,351434.20,Average,NorthAmerica,3Summer
49,276663,1,2,1565.93,YesPromotion,402839.19,Average,NorthAmerica,4Fall
49,144088,2,2,402.21,YesPromotion,152329.83,Average,NorthAmerica,1Winter
50,44343,2,2,501.07,YesPromotion,75278.58,Average,Europe,2Spring
50,137196,2,2,492.51,YesPromotion,212675.70,Average,Europe,3Summer
50,134630,2,1,953.20,NoPromotion,65816.93,Average,Europe,4Fall
50,155371,2,1,1300.71,NoPromotion,145742.20,Average,Europe,1Winter
51,146015,2,2,724.85,YesPromotion,332009.35,Average,NorthAmerica,2Spring
51,114968,1,2,1514.74,YesPromotion,222308.96,Average,NorthAmerica,3Summer
51,126350,1,1,2026.48,NoPromotion,405998.58,Average,NorthAmerica,4Fall
51,206092,2,1,770.53,YesPromotion,273902.65,Average,NorthAmerica,1Winter
52,246442,2,1,1202.11,NoPromotion,270128.95,Average,Europe,2Spring
52,153335,1,1,1914.62,YesPromotion,118878.98,Average,Europe,3Summer
52,172506,1,1,2022.69,NoPromotion,158429.12,Average,Europe,4Fall
52,213253,2,1,1035.98,YesPromotion,136113.28,Average,Europe,1Winter
53,97000,1,2,1457.09,YesPromotion,234927.99,Low,Europe,2Spring
53,48067,1,1,2046.53,NoPromotion,126355.52,Low,Europe,3Summer
53,59121,2,2,497.12,YesPromotion,212009.74,Low,Europe,4Fall
53,34334,1,2,1984.08,NoPromotion,144384.30,Low,Europe,1Winter
54,171316,2,2,661.24,NoPromotion,51452.38,Average,Europe,2Spring
54,268272,1,2,1984.85,YesPromotion,220970.05,Average,Europe,3Summer
54,219549,2,1,1191.48,NoPromotion,107270.70,Average,Europe,4Fall
54,129612,2,2,501.38,NoPromotion,185014.66,Average,Europe,1Winter
55,65170,2,2,509.78,NoPromotion,61244.73,High,NorthAmerica,2Spring
55,312744,2,1,1020.77,NoPromotion,411286.34,High,NorthAmerica,3Summer
55,246724,2,1,1176.28,NoPromotion,415572.17,High,NorthAmerica,4Fall
55,183636,1,1,1966.79,YesPromotion,317935.60,High,NorthAmerica,1Winter
56,135023,1,1,2029.83,NoPromotion,371041.82,Average,NorthAmerica,2Spring
56,244367,2,1,836.84,YesPromotion,347343.11,Average,NorthAmerica,3Summer
56,30524,1,1,2102.05,NoPromotion,288117.00,Average,NorthAmerica,4Fall
56,86588,1,1,1948.87,NoPromotion,269090.27,Average,NorthAmerica,1Winter
57,159635,2,1,753.77,YesPromotion,293227.60,Low,NorthAmerica,2Spring
57,44436,1,1,1969.83,YesPromotion,325494.34,Low,NorthAmerica,3Summer
57,116725,1,1,1945.51,YesPromotion,357222.23,Low,NorthAmerica,4Fall
57,63990,1,1,1913.28,YesPromotion,219425.05,Low,NorthAmerica,1Winter
58,195315,2,1,873.68,YesPromotion,397560.56,Low,NorthAmerica,2Spring
58,158405,2,1,1112.24,NoPromotion,391243.27,Low,NorthAmerica,3Summer
58,47426,2,2,483.33,YesPromotion,264047.50,Low,NorthAmerica,4Fall
58,180615,1,2,1205.98,YesPromotion,385404.95,Low,NorthAmerica,1Winter
59,81327,1,1,2147.48,NoPromotion,179519.28,Average,Europe,2Spring
59,209921,2,1,1024.14,NoPromotion,191377.98,Average,Europe,3Summer
59,113546,2,2,570.49,NoPromotion,247753.88,Average,Europe,4Fall
59,125417,2,2,391.53,YesPromotion,74683.95,Average,Europe,1Winter
60,72222,2,2,475.25,YesPromotion,189522.36,High,Europe,2Spring
60,186776,1,2,1732.29,NoPromotion,132166.71,High,Europe,3Summer
60,205363,1,1,1888.32,YesPromotion,157097.66,High,Europe,4Fall
60,120006,2,2,533.66,YesPromotion,201059.21,High,Europe,1Winter
61,60660,2,1,1353.64,NoPromotion,89481.86,High,Europe,2Spring
61,177436,2,1,851.82,YesPromotion,186922.36,High,Europe,3Summer
61,155044,2,1,651.15,NoPromotion,100651.68,High,Europe,4Fall
61,150334,2,1,657.18,YesPromotion,52497.66,High,Europe,1Winter
62,31497,1,1,1988.81,YesPromotion,242325.00,Low,NorthAmerica,2Spring
62,94151,2,1,1294.11,NoPromotion,283988.41,Low,NorthAmerica,3Summer
62,221152,2,1,917.90,YesPromotion,232803.33,Low,NorthAmerica,4Fall
62,157762,2,1,939.42,NoPromotion,274192.37,Low,NorthAmerica,1Winter
63,56393,1,1,1834.42,YesPromotion,316368.05,Low,NorthAmerica,2Spring
63,107776,2,2,523.58,NoPromotion,343002.87,Low,NorthAmerica,3Summer
63,41225,1,2,1515.02,NoPromotion,266835.61,Low,NorthAmerica,4Fall
63,69106,2,2,561.18,NoPromotion,309433.53,Low,NorthAmerica,1Winter
64,88493,1,2,1353.50,YesPromotion,258324.70,Low,Europe,2Spring
64,112536,2,1,1313.08,NoPromotion,81913.80,Low,Europe,3Summer
64,80773,1,1,1982.39,YesPromotion,114705.66,Low,Europe,4Fall
64,148028,2,1,703.03,NoPromotion,133198.55,Low,Europe,1Winter
65,83530,1,2,1446.36,YesPromotion,342104.44,Low,NorthAmerica,2Spring
65,134662,2,2,646.36,NoPromotion,420768.40,Low,NorthAmerica,3Summer
65,40745,1,1,2046.49,NoPromotion,338226.89,Low,NorthAmerica,4Fall
65,220624,2,1,683.64,YesPromotion,188752.50,Low,NorthAmerica,1Winter
66,5358,1,1,2183.11,NoPromotion,116128.09,Average,Europe,2Spring
66,81008,1,1,2055.13,NoPromotion,63139.66,Average,Europe,3Summer
66,103129,1,1,2005.83,NoPromotion,159672.44,Average,Europe,4Fall
66,184080,1,2,1481.65,YesPromotion,180710.68,Average,Europe,1Winter
67,9732,2,2,471.12,NoPromotion,241657.14,Average,NorthAmerica,2Spring
67,149446,2,1,934.03,YesPromotion,138851.06,Average,NorthAmerica,3Summer
67,135129,2,2,401.20,YesPromotion,248648.41,Average,NorthAmerica,4Fall
67,315374,1,2,1734.80,YesPromotion,575199.99,Average,NorthAmerica,1Winter
68,123610,1,2,1468.18,NoPromotion,135964.35,Average,Europe,2Spring
68,129909,1,1,2100.24,NoPromotion,238101.28,Average,Europe,3Summer
68,53288,2,2,554.81,NoPromotion,171988.38,Average,Europe,4Fall
68,79656,2,1,1003.68,NoPromotion,110651.17,Average,Europe,1Winter
69,9258,1,2,1576.19,NoPromotion,217799.07,Low,NorthAmerica,2Spring
69,149787,1,2,1319.70,YesPromotion,328613.67,Low,NorthAmerica,3Summer
69,5882,1,1,2050.56,NoPromotion,304863.52,Low,NorthAmerica,4Fall
69,9131,1,1,2170.76,NoPromotion,230757.79,Low,NorthAmerica,1Winter
70,94187,2,1,1251.61,NoPromotion,87815.25,Low,Europe,2Spring
70,98968,2,2,524.28,NoPromotion,76255.63,Low,Europe,3Summer
70,86234,1,1,2047.02,NoPromotion,201590.19,Low,Europe,4Fall
70,46012,1,1,1995.72,YesPromotion,179619.31,Low,Europe,1Winter
71,248620,1,1,1901.57,YesPromotion,51986.35,High,NorthAmerica,2Spring
71,220848,2,2,426.31,YesPromotion,339562.17,High,NorthAmerica,3Summer
71,256042,2,1,823.15,NoPromotion,218036.31,High,NorthAmerica,4Fall
71,160251,2,2,447.23,YesPromotion,289032.73,High,NorthAmerica,1Winter
72,128447,1,2,1699.95,NoPromotion,74783.09,Average,Europe,2Spring
72,130173,2,1,1211.80,NoPromotion,197472.28,Average,Europe,3Summer
72,136538,1,2,1787.07,NoPromotion,130187.14,Average,Europe,4Fall
72,185339,1,2,1612.51,NoPromotion,169150.68,Average,Europe,1Winter
73,89471,1,2,1747.06,NoPromotion,235699.52,Low,Europe,2Spring
73,185690,1,2,1151.33,YesPromotion,227358.48,Low,Europe,3Summer
73,163639,2,1,993.65,YesPromotion,137215.78,Low,Europe,4Fall
73,126656,1,2,1048.82,YesPromotion,261813.91,Low,Europe,1Winter
74,90836,1,2,1745.78,YesPromotion,173293.92,High,Europe,2Spring
74,215656,1,1,1932.51,YesPromotion,172471.65,High,Europe,3Summer
74,165604,1,1,2103.26,NoPromotion,60709.69,High,Europe,4Fall
74,192300,2,1,1167.96,YesPromotion,248559.42,High,Europe,1Winter
75,283201,1,2,1401.14,YesPromotion,363369.89,High,NorthAmerica,2Spring
75,241350,1,2,1326.65,YesPromotion,333374.02,High,NorthAmerica,3Summer
75,217649,2,1,922.53,NoPromotion,232044.08,High,NorthAmerica,4Fall
75,252169,1,1,1976.74,YesPromotion,265189.75,High,NorthAmerica,1Winter
76,250980,2,2,503.60,NoPromotion,522917.98,Average,NorthAmerica,2Spring
76,166946,1,1,1970.97,YesPromotion,284142.06,Average,NorthAmerica,3Summer
76,179932,1,2,1577.26,NoPromotion,380654.89,Average,NorthAmerica,4Fall
76,153351,1,1,1892.04,YesPromotion,212295.94,Average,NorthAmerica,1Winter
77,252616,1,2,1462.92,YesPromotion,432911.09,High,NorthAmerica,2Spring
77,163523,2,2,456.96,YesPromotion,297738.23,High,NorthAmerica,3Summer
77,274401,2,1,947.61,YesPromotion,273435.07,High,NorthAmerica,4Fall
77,155455,2,2,429.88,YesPromotion,260032.06,High,NorthAmerica,1Winter
78,176201,1,2,1386.05,YesPromotion,54994.48,Average,Europe,2Spring
78,205365,1,2,1521.13,NoPromotion,147484.54,Average,Europe,3Summer
78,118240,2,2,523.27,NoPromotion,55229.47,Average,Europe,4Fall
78,118298,2,2,560.85,NoPromotion,126023.76,Average,Europe,1Winter
79,191775,1,1,1979.79,YesPromotion,100982.83,High,Europe,2Spring
79,274907,2,1,1116.30,YesPromotion,225541.56,High,Europe,3Summer
79,140056,2,2,532.15,NoPromotion,146905.61,High,Europe,4Fall
79,237298,1,1,1955.49,YesPromotion,131754.30,High,Europe,1Winter
80,201736,1,2,1395.64,YesPromotion,409655.17,Average,NorthAmerica,2Spring
80,239577,1,1,2068.37,NoPromotion,347401.62,Average,NorthAmerica,3Summer
80,305605,2,1,621.95,YesPromotion,272314.60,Average,NorthAmerica,4Fall
80,247175,2,1,1237.20,YesPromotion,248296.93,Average,NorthAmerica,1Winter
81,175230,1,2,1621.99,YesPromotion,142055.41,Average,Europe,2Spring
81,200842,1,1,1882.12,YesPromotion,160303.88,Average,Europe,3Summer
81,169824,2,1,1468.28,NoPromotion,155108.22,Average,Europe,4Fall
81,205104,1,2,1473.19,YesPromotion,144830.22,Average,Europe,1Winter
82,68699,2,1,1222.85,NoPromotion,158297.01,High,Europe,2Spring
82,71484,2,2,873.92,NoPromotion,134428.39,High,Europe,3Summer
82,100341,2,2,426.00,YesPromotion,90184.75,High,Europe,4Fall
82,120144,1,2,1516.94,NoPromotion,110771.10,High,Europe,1Winter
83,93208,2,2,270.34,YesPromotion,365467.64,Low,NorthAmerica,2Spring
83,91629,1,2,1291.32,NoPromotion,375919.26,Low,NorthAmerica,3Summer
83,116245,1,2,1378.57,YesPromotion,251262.99,Low,NorthAmerica,4Fall
83,8546,2,2,593.21,NoPromotion,155266.77,Low,NorthAmerica,1Winter
84,191099,1,2,1385.78,YesPromotion,282733.53,High,NorthAmerica,2Spring
84,100231,2,2,507.46,YesPromotion,154551.95,High,NorthAmerica,3Summer
84,249227,1,2,1439.38,NoPromotion,464447.89,High,NorthAmerica,4Fall
84,211423,1,1,2069.76,NoPromotion,452980.85,High,NorthAmerica,1Winter
85,174587,2,1,1666.71,NoPromotion,257005.80,Average,NorthAmerica,2Spring
85,204923,2,1,960.85,NoPromotion,240311.18,Average,NorthAmerica,3Summer
85,180773,2,2,409.69,YesPromotion,320493.80,Average,NorthAmerica,4Fall
85,188033,1,1,1944.42,YesPromotion,311089.72,Average,NorthAmerica,1Winter
86,154324,2,2,441.05,YesPromotion,229526.33,Average,Europe,2Spring
86,211285,1,1,1936.45,YesPromotion,112484.85,Average,Europe,3Summer
86,194753,1,2,1971.63,NoPromotion,190218.60,Average,Europe,4Fall
86,242843,1,2,1490.57,YesPromotion,131356.40,Average,Europe,1Winter
87,90960,1,2,1507.65,NoPromotion,206837.42,Average,Europe,2Spring
87,148481,2,1,827.83,YesPromotion,62818.12,Average,Europe,3Summer
87,137316,2,2,439.82,YesPromotion,142114.55,Average,Europe,4Fall
87,61611,1,1,2074.67,NoPromotion,129944.84,Average,Europe,1Winter
88,71917,2,2,498.73,YesPromotion,194280.23,Low,Europe,2Spring
88,116767,2,1,1152.55,NoPromotion,190662.91,Low,Europe,3Summer
88,81087,1,1,2006.25,NoPromotion,202617.00,Low,Europe,4Fall
88,132335,1,2,1380.06,YesPromotion,59387.23,Low,Europe,1Winter
89,60376,2,2,664.34,NoPromotion,114040.23,High,Europe,2Spring
89,70785,2,2,503.97,NoPromotion,106043.61,High,Europe,3Summer
89,81437,1,2,2119.91,NoPromotion,132419.23,High,Europe,4Fall
89,142572,1,2,1721.37,YesPromotion,111036.90,High,Europe,1Winter
90,147378,2,1,735.03,YesPromotion,158592.48,High,Europe,2Spring
90,208010,2,1,783.72,YesPromotion,153353.14,High,Europe,3Summer
90,283924,1,2,1308.56,YesPromotion,160425.72,High,Europe,4Fall
90,183459,2,1,908.94,NoPromotion,203887.82,High,Europe,1Winter
91,143680,2,2,490.79,YesPromotion,392587.61,High,NorthAmerica,2Spring
91,240661,2,2,566.84,NoPromotion,478543.17,High,NorthAmerica,3Summer
91,200327,1,2,1810.93,NoPromotion,436730.70,High,NorthAmerica,4Fall
91,242440,2,1,1019.78,NoPromotion,389760.72,High,NorthAmerica,1Winter
92,155094,2,1,995.99,YesPromotion,254633.43,Low,Europe,2Spring
92,69049,1,1,1917.89,YesPromotion,126850.56,Low,Europe,3Summer
92,162803,1,2,1515.27,YesPromotion,180379.59,Low,Europe,4Fall
92,117220,1,2,1542.84,NoPromotion,127043.14,Low,Europe,1Winter
93,167598,2,1,1065.72,YesPromotion,284560.82,Low,Europe,2Spring
93,141440,2,1,1298.76,NoPromotion,139774.84,Low,Europe,3Summer
93,173564,2,1,781.31,YesPromotion,96168.66,Low,Europe,4Fall
93,176303,2,1,1094.18,NoPromotion,108410.46,Low,Europe,1Winter
94,153314,2,2,371.98,YesPromotion,409338.20,Low,NorthAmerica,2Spring
94,76268,1,2,1757.08,NoPromotion,414605.82,Low,NorthAmerica,3Summer
94,295296,2,1,1654.28,YesPromotion,476802.43,Low,NorthAmerica,4Fall
94,51024,1,2,1690.81,NoPromotion,304612.25,Low,NorthAmerica,1Winter
95,191098,2,2,380.51,YesPromotion,371813.09,High,NorthAmerica,2Spring
95,252040,1,1,2012.26,NoPromotion,257261.28,High,NorthAmerica,3Summer
95,298848,2,1,905.28,NoPromotion,274709.01,High,NorthAmerica,4Fall
95,213692,2,2,375.32,YesPromotion,296785.97,High,NorthAmerica,1Winter
96,164445,2,2,408.18,YesPromotion,289704.98,Average,NorthAmerica,2Spring
96,193851,1,1,1811.07,YesPromotion,238958.66,Average,NorthAmerica,3Summer
96,374836,2,1,862.65,YesPromotion,375796.67,Average,NorthAmerica,4Fall
96,114975,1,2,1719.89,NoPromotion,219048.90,Average,NorthAmerica,1Winter
97,23938,1,1,2035.64,NoPromotion,87329.05,Average,Europe,2Spring
97,300909,1,2,1070.28,YesPromotion,98037.02,Average,Europe,3Summer
97,162041,2,1,1233.82,NoPromotion,186727.75,Average,Europe,4Fall
97,130882,2,1,1171.19,NoPromotion,136478.97,Average,Europe,1Winter
98,64948,1,1,1879.59,YesPromotion,299207.77,Average,NorthAmerica,2Spring
98,225128,1,1,1927.52,YesPromotion,333761.02,Average,NorthAmerica,3Summer
98,196977,2,1,1053.34,NoPromotion,238558.83,Average,NorthAmerica,4Fall
98,112019,1,2,1242.81,YesPromotion,182851.02,Average,NorthAmerica,1Winter
99,117768,2,2,396.14,YesPromotion,186697.92,High,Europe,2Spring
99,108745,2,1,798.51,YesPromotion,129964.86,High,Europe,3Summer
99,196302,2,1,1084.36,NoPromotion,194433.25,High,Europe,4Fall
99,153359,1,1,2003.15,NoPromotion,227827.35,High,Europe,1Winter
100,6307,1,1,1934.46,NoPromotion,282296.16,Low,Europe,2Spring
100,137520,1,2,1271.77,YesPromotion,82780.49,Low,Europe,3Summer
100,55806,2,2,457.78,NoPromotion,126119.42,Low,Europe,4Fall
100,68848,1,1,1905.32,YesPromotion,135908.97,Low,Europe,1Winter
101,125450,2,2,645.53,NoPromotion,211417.76,Average,Europe,2Spring
101,291596,1,2,1145.23,YesPromotion,216797.45,Average,Europe,3Summer
101,280699,2,1,865.80,YesPromotion,143109.74,Average,Europe,4Fall
101,190239,1,1,1866.48,YesPromotion,218908.59,Average,Europe,1Winter
102,104496,2,1,1269.21,NoPromotion,148810.74,Low,Europe,2Spring
102,28331,1,1,2068.86,NoPromotion,131687.33,Low,Europe,3Summer
102,72995,2,2,414.73,YesPromotion,174852.09,Low,Europe,4Fall
102,91486,1,2,1405.62,YesPromotion,154428.32,Low,Europe,1Winter
103,163202,2,1,1073.79,NoPromotion,145831.94,High,Europe,2Spring
103,141854,2,2,514.66,NoPromotion,127908.26,High,Europe,3Summer
103,101854,2,2,285.30,YesPromotion,132329.01,High,Europe,4Fall
103,99174,2,2,330.29,NoPromotion,117314.39,High,Europe,1Winter
104,9525,1,2,1389.31,NoPromotion,131517.15,Low,Europe,2Spring
104,72017,2,2,619.15,YesPromotion,162900.47,Low,Europe,3Summer
104,21160,2,2,534.85,NoPromotion,164521.59,Low,Europe,4Fall
104,8447,2,1,798.51,NoPromotion,210299.48,Low,Europe,1Winter
105,8719,1,1,2057.25,NoPromotion,103304.82,Low,Europe,2Spring
105,165339,2,1,855.01,NoPromotion,206490.62,Low,Europe,3Summer
105,199494,1,2,1271.21,YesPromotion,163468.89,Low,Europe,4Fall
105,6409,1,1,2006.61,NoPromotion,101443.83,Low,Europe,1Winter
106,194086,2,2,450.00,YesPromotion,434654.31,Average,NorthAmerica,2Spring
106,216300,2,1,947.34,YesPromotion,253775.92,Average,NorthAmerica,3Summer
106,284412,2,1,807.75,YesPromotion,265754.56,Average,NorthAmerica,4Fall
106,103106,1,1,1998.59,YesPromotion,309852.38,Average,NorthAmerica,1Winter
107,111735,2,2,424.47,YesPromotion,149164.39,Average,Europe,2Spring
107,251549,1,2,1287.68,YesPromotion,51875.52,Average,Europe,3Summer
107,208564,1,2,1688.21,NoPromotion,59408.07,Average,Europe,4Fall
107,144227,2,2,489.21,YesPromotion,230983.50,Average,Europe,1Winter
108,81791,1,2,1256.58,YesPromotion,314005.79,Low,NorthAmerica,2Spring
108,256710,2,1,1279.87,YesPromotion,479188.21,Low,NorthAmerica,3Summer
108,56249,1,2,1339.54,YesPromotion,275858.48,Low,NorthAmerica,4Fall
108,27792,1,1,2006.86,NoPromotion,326678.36,Low,NorthAmerica,1Winter
109,154357,1,1,1888.54,NoPromotion,223567.27,High,NorthAmerica,2Spring
109,205140,2,2,722.63,NoPromotion,284098.22,High,NorthAmerica,3Summer
109,121884,2,2,722.64,NoPromotion,177481.15,High,NorthAmerica,4Fall
109,104788,2,2,488.45,YesPromotion,212497.17,High,NorthAmerica,1Winter
110,5409,1,1,1926.97,YesPromotion,338715.23,Low,NorthAmerica,2Spring
110,71885,1,2,1694.79,YesPromotion,263378.27,Low,NorthAmerica,3Summer
110,8660,1,2,1558.21,NoPromotion,252158.48,Low,NorthAmerica,4Fall
110,8266,2,2,482.68,YesPromotion,200586.31,Low,NorthAmerica,1Winter
111,76021,2,2,674.73,NoPromotion,130510.14,Low,Europe,2Spring
111,151743,2,1,1246.84,NoPromotion,111453.59,Low,Europe,3Summer
111,180841,1,2,1521.64,NoPromotion,220471.06,Low,Europe,4Fall
111,84366,1,1,2059.10,YesPromotion,179367.62,Low,Europe,1Winter
112,109456,2,1,977.42,YesPromotion,294051.80,Low,NorthAmerica,2Spring
112,115339,2,1,1059.13,NoPromotion,364989.66,Low,NorthAmerica,3Summer
112,9060,1,2,1655.02,NoPromotion,233225.02,Low,NorthAmerica,4Fall
112,39896,2,2,616.42,NoPromotion,417882.55,Low,NorthAmerica,1Winter
113,55380,1,1,1912.30,YesPromotion,166272.80,Low,Europe,2Spring
113,126365,2,1,1003.61,NoPromotion,108520.17,Low,Europe,3Summer
113,128276,2,2,560.53,NoPromotion,207407.71,Low,Europe,4Fall
113,189154,2,1,756.99,YesPromotion,130814.95,Low,Europe,1Winter
114,255189,1,2,1465.45,YesPromotion,237418.20,Average,Europe,2Spring
114,186998,2,1,861.65,YesPromotion,189062.42,Average,Europe,3Summer
114,279721,1,2,1430.24,NoPromotion,141818.49,Average,Europe,4Fall
114,256859,2,1,1033.49,YesPromotion,146188.52,Average,Europe,1Winter
115,130530,1,2,1350.98,YesPromotion,202729.72,High,NorthAmerica,2Spring
115,251757,2,1,1152.53,NoPromotion,282084.33,High,NorthAmerica,3Summer
115,154829,1,1,2013.23,NoPromotion,377129.76,High,NorthAmerica,4Fall
115,158648,1,2,1826.29,NoPromotion,343627.41,High,NorthAmerica,1Winter
116,167684,2,1,966.18,YesPromotion,163060.22,High,Europe,2Spring
116,125617,2,2,464.37,YesPromotion,105064.22,High,Europe,3Summer
116,122083,2,2,512.76,NoPromotion,162173.14,High,Europe,4Fall
116,227944,1,2,1602.27,NoPromotion,113948.79,High,Europe,1Winter
117,146695,2,1,1226.07,NoPromotion,104242.71,High,Europe,2Spring
117,296219,1,1,1892.14,YesPromotion,154455.47,High,Europe,3Summer
117,266292,2,1,1093.46,NoPromotion,242172.08,High,Europe,4Fall
117,125277,2,2,376.05,YesPromotion,126693.17,High,Europe,1Winter
118,167775,2,1,1126.25,NoPromotion,233751.20,Low,Europe,2Spring
118,144119,2,2,389.81,YesPromotion,119511.76,Low,Europe,3Summer
118,215551,1,2,1484.57,YesPromotion,167481.41,Low,Europe,4Fall
118,40677,2,2,665.42,NoPromotion,164281.57,Low,Europe,1Winter
119,66855,2,2,505.97,NoPromotion,71652.28,Average,Europe,2Spring
119,193307,2,1,858.08,YesPromotion,58152.35,Average,Europe,3Summer
119,124129,2,2,437.88,YesPromotion,210020.53,Average,Europe,4Fall
119,281633,1,2,1500.39,YesPromotion,265660.53,Average,Europe,1Winter
120,57901,2,2,544.21,NoPromotion,68775.76,Low,Europe,2Spring
120,145624,2,1,846.21,YesPromotion,76004.42,Low,Europe,3Summer
120,126548,2,2,534.40,NoPromotion,246024.68,Low,Europe,4Fall
120,154728,1,2,1353.42,YesPromotion,251541.54,Low,Europe,1Winter
121,247837,1,2,1492.72,YesPromotion,327229.73,High,NorthAmerica,2Spring
121,109356,2,2,517.12,NoPromotion,129869.60,High,NorthAmerica,3Summer
121,190792,2,2,461.54,YesPromotion,256480.39,High,NorthAmerica,4Fall
121,317751,1,1,1991.53,YesPromotion,411947.94,High,NorthAmerica,1Winter
122,153702,2,1,1154.25,NoPromotion,250900.09,High,NorthAmerica,2Spring
122,205434,1,2,1424.75,YesPromotion,278651.84,High,NorthAmerica,3Summer
122,142523,2,2,323.17,YesPromotion,285452.51,High,NorthAmerica,4Fall
122,282411,2,1,1104.60,YesPromotion,373462.17,High,NorthAmerica,1Winter
123,62603,2,2,393.55,YesPromotion,195112.62,High,Europe,2Spring
123,161119,1,1,2037.06,NoPromotion,137854.25,High,Europe,3Summer
123,140418,1,1,1943.38,YesPromotion,58243.38,High,Europe,4Fall
123,151274,1,2,1710.37,NoPromotion,148576.56,High,Europe,1Winter
124,234503,2,1,730.06,YesPromotion,330553.38,Average,NorthAmerica,2Spring
124,241233,2,2,429.32,YesPromotion,539744.97,Average,NorthAmerica,3Summer
124,181821,2,1,1055.07,NoPromotion,110095.60,Average,NorthAmerica,4Fall
124,96662,1,2,1623.88,NoPromotion,299128.71,Average,NorthAmerica,1Winter
125,215257,1,2,1473.70,YesPromotion,351262.43,High,NorthAmerica,2Spring
125,282097,1,1,1948.32,YesPromotion,402263.72,High,NorthAmerica,3Summer
125,196836,1,2,1274.75,YesPromotion,189946.65,High,NorthAmerica,4Fall
125,277847,1,2,1516.47,NoPromotion,554688.12,High,NorthAmerica,1Winter
126,291570,2,1,762.07,YesPromotion,434533.16,Low,NorthAmerica,2Spring
126,78778,1,2,2013.99,NoPromotion,289803.19,Low,NorthAmerica,3Summer
126,177921,2,1,934.17,NoPromotion,247151.10,Low,NorthAmerica,4Fall
126,176644,2,2,547.12,YesPromotion,381879.17,Low,NorthAmerica,1Winter
127,5050,1,1,2057.00,NoPromotion,101533.59,Low,Europe,2Spring
127,56017,2,2,578.36,YesPromotion,180147.80,Low,Europe,3Summer
127,113435,2,2,446.37,YesPromotion,129552.74,Low,Europe,4Fall
127,51122,1,1,2177.18,NoPromotion,186110.01,Low,Europe,1Winter
128,199235,1,2,1535.70,NoPromotion,103324.88,Average,Europe,2Spring
128,181428,2,1,1022.38,NoPromotion,65932.25,Average,Europe,3Summer
128,269327,1,2,1538.56,NoPromotion,286771.62,Average,Europe,4Fall
128,131970,2,2,614.57,NoPromotion,182512.44,Average,Europe,1Winter
129,6475,2,2,622.03,NoPromotion,228076.26,Low,Europe,2Spring
129,71401,2,2,475.70,YesPromotion,240856.00,Low,Europe,3Summer
129,9602,2,2,329.88,NoPromotion,124382.87,Low,Europe,4Fall
129,46377,2,2,410.93,YesPromotion,58583.40,Low,Europe,1Winter
130,90076,2,2,347.15,YesPromotion,146507.32,Average,Europe,2Spring
130,166583,2,1,739.16,YesPromotion,177043.91,Average,Europe,3Summer
130,120710,2,2,531.71,NoPromotion,128502.55,Average,Europe,4Fall
130,244136,1,2,1320.86,YesPromotion,69196.75,Average,Europe,1Winter
131,120639,2,2,640.85,NoPromotion,300161.43,Low,NorthAmerica,2Spring
131,221555,2,1,1110.50,YesPromotion,352808.95,Low,NorthAmerica,3Summer
131,135165,2,2,430.24,YesPromotion,340600.80,Low,NorthAmerica,4Fall
131,142006,1,1,1993.54,YesPromotion,346203.95,Low,NorthAmerica,1Winter
132,139241,1,1,2093.43,NoPromotion,129702.08,Average,Europe,2Spring
132,134101,2,2,516.01,NoPromotion,194503.96,Average,Europe,3Summer
132,222850,1,2,1354.41,YesPromotion,108821.27,Average,Europe,4Fall
132,167608,1,1,2170.09,NoPromotion,109932.88,Average,Europe,1Winter
133,108781,2,2,513.94,YesPromotion,351878.61,High,NorthAmerica,2Spring
133,107377,1,1,2183.07,YesPromotion,218599.38,High,NorthAmerica,3Summer
133,107002,2,2,621.93,YesPromotion,213066.22,High,NorthAmerica,4Fall
133,145670,1,1,2017.30,NoPromotion,268722.34,High,NorthAmerica,1Winter
134,123609,2,2,464.69,YesPromotion,142515.88,Average,Europe,2Spring
134,110271,2,1,812.56,YesPromotion,196449.42,Average,Europe,3Summer
134,121853,1,1,2144.78,NoPromotion,72000.10,Average,Europe,4Fall
134,73179,2,2,643.89,NoPromotion,100046.51,Average,Europe,1Winter
135,88759,2,1,987.74,YesPromotion,86129.07,Average,Europe,2Spring
135,242535,1,2,1380.84,YesPromotion,161677.64,Average,Europe,3Summer
135,180178,1,2,1513.82,NoPromotion,152515.84,Average,Europe,4Fall
135,153542,1,2,1348.72,YesPromotion,105944.80,Average,Europe,1Winter
136,184110,2,1,908.53,YesPromotion,130929.99,Low,Europe,2Spring
136,188435,2,1,924.21,YesPromotion,132089.83,Low,Europe,3Summer
136,141295,2,2,502.38,NoPromotion,93195.94,Low,Europe,4Fall
136,246641,2,1,968.99,YesPromotion,216847.63,Low,Europe,1Winter
137,44084,2,2,606.39,NoPromotion,195059.89,Low,Europe,2Spring
137,224308,1,2,1326.61,YesPromotion,170431.28,Low,Europe,3Summer
137,34792,1,1,2119.31,NoPromotion,174919.76,Low,Europe,4Fall
137,17328,2,2,613.55,NoPromotion,120607.06,Low,Europe,1Winter
138,115955,1,1,2055.81,NoPromotion,178326.06,Average,Europe,2Spring
138,136601,2,2,521.06,NoPromotion,142466.21,Average,Europe,3Summer
138,250888,2,1,763.20,YesPromotion,128639.93,Average,Europe,4Fall
138,194642,1,2,1646.07,NoPromotion,132025.16,Average,Europe,1Winter
139,163040,2,1,992.84,YesPromotion,143772.99,High,NorthAmerica,2Spring
139,217991,2,2,451.34,YesPromotion,394956.38,High,NorthAmerica,3Summer
139,194461,2,2,556.51,NoPromotion,418626.97,High,NorthAmerica,4Fall
139,200861,1,1,2067.76,NoPromotion,404884.58,High,NorthAmerica,1Winter
140,174627,2,2,742.11,NoPromotion,390257.84,High,NorthAmerica,2Spring
140,220861,2,1,1020.66,NoPromotion,307823.46,High,NorthAmerica,3Summer
140,251347,2,1,715.93,YesPromotion,57786.10,High,NorthAmerica,4Fall
140,153745,2,2,359.93,YesPromotion,286553.47,High,NorthAmerica,1Winter
141,149584,2,2,382.43,YesPromotion,425903.95,Average,NorthAmerica,2Spring
141,180584,1,2,1255.48,YesPromotion,254899.78,Average,NorthAmerica,3Summer
141,155584,1,2,1382.37,YesPromotion,271585.00,Average,NorthAmerica,4Fall
141,131487,2,2,591.51,NoPromotion,380503.12,Average,NorthAmerica,1Winter
142,173637,1,1,1937.92,YesPromotion,326680.71,Average,NorthAmerica,2Spring
142,177069,1,1,1925.36,YesPromotion,235830.16,Average,NorthAmerica,3Summer
142,266607,1,2,1199.13,YesPromotion,495222.85,Average,NorthAmerica,4Fall
142,194792,2,1,1067.58,NoPromotion,298429.35,Average,NorthAmerica,1Winter
143,70306,1,2,1508.46,NoPromotion,188652.22,Low,Europe,2Spring
143,73971,1,1,1963.12,YesPromotion,123332.47,Low,Europe,3Summer
143,131618,1,2,1484.86,YesPromotion,122069.20,Low,Europe,4Fall
143,112259,1,2,1394.74,YesPromotion,128878.27,Low,Europe,1Winter
144,89244,2,1,1105.05,NoPromotion,342409.33,Average,Europe,2Spring
144,101215,1,2,1972.04,NoPromotion,138922.00,Average,Europe,3Summer
144,164426,1,2,1574.90,NoPromotion,142393.37,Average,Europe,4Fall
144,48126,2,2,615.60,NoPromotion,213647.86,Average,Europe,1Winter
145,140871,2,1,1084.48,NoPromotion,112615.07,High,Europe,2Spring
145,156194,2,1,999.87,YesPromotion,122334.80,High,Europe,3Summer
145,208591,1,1,2232.93,NoPromotion,214042.22,High,Europe,4Fall
145,214904,1,1,1835.94,YesPromotion,142119.72,High,Europe,1Winter
146,123456,2,1,888.34,YesPromotion,113527.43,Average,Europe,2Spring
146,131765,1,1,2138.67,NoPromotion,100025.39,Average,Europe,3Summer
146,121971,1,1,1972.60,YesPromotion,204654.07,Average,Europe,4Fall
146,44745,1,1,2051.78,NoPromotion,152582.26,Average,Europe,1Winter
147,177622,2,1,899.77,YesPromotion,286983.52,Low,NorthAmerica,2Spring
147,233653,1,2,1801.63,NoPromotion,427758.05,Low,NorthAmerica,3Summer
147,91441,2,2,585.08,NoPromotion,312714.33,Low,NorthAmerica,4Fall
147,5217,1,1,1944.94,YesPromotion,162224.31,Low,NorthAmerica,1Winter
148,38994,1,1,1970.25,YesPromotion,118739.54,Average,Europe,2Spring
148,228602,1,2,1369.53,NoPromotion,147093.28,Average,Europe,3Summer
148,193876,2,1,1120.57,NoPromotion,131082.80,Average,Europe,4Fall
148,66115,2,2,306.77,YesPromotion,252045.46,Average,Europe,1Winter
149,107518,1,1,2087.96,NoPromotion,236614.21,Average,Europe,2Spring
149,109480,2,2,352.75,NoPromotion,154908.68,Average,Europe,3Summer
149,165142,2,2,322.95,YesPromotion,175652.00,Average,Europe,4Fall
149,142731,1,1,1970.07,YesPromotion,105317.44,Average,Europe,1Winter
150,124148,1,1,2131.73,NoPromotion,337380.87,High,NorthAmerica,2Spring
150,218021,1,2,1856.13,NoPromotion,334134.31,High,NorthAmerica,3Summer
150,234855,1,1,2139.17,NoPromotion,464607.30,High,NorthAmerica,4Fall
150,85113,2,2,369.94,YesPromotion,291963.43,High,NorthAmerica,1Winter
151,131944,2,1,1178.53,NoPromotion,57353.31,Average,Europe,2Spring
151,145782,2,1,880.68,YesPromotion,98061.92,Average,Europe,3Summer
151,196882,1,2,1064.65,YesPromotion,121687.27,Average,Europe,4Fall
151,91061,2,2,613.90,NoPromotion,228902.68,Average,Europe,1Winter
152,275908,2,2,393.82,YesPromotion,500022.55,High,NorthAmerica,2Spring
152,224399,1,1,1875.87,YesPromotion,235195.66,High,NorthAmerica,3Summer
152,265124,1,2,1183.87,YesPromotion,293073.18,High,NorthAmerica,4Fall
152,287244,1,1,1965.26,YesPromotion,432786.13,High,NorthAmerica,1Winter
153,47949,2,2,636.24,YesPromotion,130622.42,High,NorthAmerica,2Spring
153,173302,2,1,736.04,YesPromotion,357270.18,High,NorthAmerica,3Summer
153,214102,2,1,1415.39,NoPromotion,341228.62,High,NorthAmerica,4Fall
153,200188,1,1,1943.78,YesPromotion,474409.49,High,NorthAmerica,1Winter
154,44686,2,2,470.20,YesPromotion,113474.83,Average,Europe,2Spring
154,122949,1,1,2048.07,NoPromotion,69044.38,Average,Europe,3Summer
154,191216,2,2,673.67,YesPromotion,178670.42,Average,Europe,4Fall
154,126509,2,2,414.40,YesPromotion,133574.05,Average,Europe,1Winter
155,6161,2,2,707.06,NoPromotion,247418.81,Average,NorthAmerica,2Spring
155,222669,2,1,1089.73,YesPromotion,338119.79,Average,NorthAmerica,3Summer
155,77557,1,2,1236.17,YesPromotion,341302.90,Average,NorthAmerica,4Fall
155,236189,2,1,729.62,YesPromotion,172632.00,Average,NorthAmerica,1Winter
156,76225,1,1,1924.43,YesPromotion,200294.92,Average,NorthAmerica,2Spring
156,228837,1,2,1374.63,YesPromotion,150363.33,Average,NorthAmerica,3Summer
156,14723,1,1,2199.53,NoPromotion,285434.36,Average,NorthAmerica,4Fall
156,145871,1,2,1217.52,YesPromotion,229556.96,Average,NorthAmerica,1Winter
157,5960,1,1,2320.16,NoPromotion,159332.27,Low,Europe,2Spring
157,142207,2,1,567.42,YesPromotion,220766.28,Low,Europe,3Summer
157,59707,1,1,1970.09,YesPromotion,92907.84,Low,Europe,4Fall
157,126835,2,1,909.02,YesPromotion,232988.41,Low,Europe,1Winter
158,5769,1,1,2024.50,NoPromotion,294575.94,Low,NorthAmerica,2Spring
158,51641,1,2,1574.23,NoPromotion,240852.27,Low,NorthAmerica,3Summer
158,173729,1,1,1910.49,YesPromotion,391044.63,Low,NorthAmerica,4Fall
158,71517,2,2,532.38,NoPromotion,281299.48,Low,NorthAmerica,1Winter
159,196030,2,1,697.52,YesPromotion,391769.73,Low,NorthAmerica,2Spring
159,216254,2,1,827.68,YesPromotion,230111.85,Low,NorthAmerica,3Summer
159,301976,2,1,1323.88,NoPromotion,519175.45,Low,NorthAmerica,4Fall
159,102064,2,2,589.96,NoPromotion,349039.11,Low,NorthAmerica,1Winter
160,118463,2,1,798.25,NoPromotion,111404.53,Low,NorthAmerica,2Spring
160,268338,2,1,1326.55,NoPromotion,472735.27,Low,NorthAmerica,3Summer
160,88143,1,2,1451.33,YesPromotion,180669.44,Low,NorthAmerica,4Fall
160,5042,1,1,2001.75,NoPromotion,211013.43,Low,NorthAmerica,1Winter
161,220841,2,1,1077.49,NoPromotion,126925.59,Average,Europe,2Spring
161,338516,1,2,1521.22,NoPromotion,126548.32,Average,Europe,3Summer
161,156717,1,1,2242.52,NoPromotion,124424.63,Average,Europe,4Fall
161,233652,2,2,496.97,YesPromotion,174014.56,Average,Europe,1Winter
162,124687,1,1,2011.30,NoPromotion,188284.64,High,Europe,2Spring
162,261554,1,2,1431.00,YesPromotion,209289.97,High,Europe,3Summer
162,323737,1,2,1229.19,YesPromotion,242603.79,High,Europe,4Fall
162,205147,1,1,2036.57,NoPromotion,209829.59,High,Europe,1Winter
163,218166,2,1,1094.72,NoPromotion,430980.49,High,NorthAmerica,2Spring
163,202236,2,1,1092.95,NoPromotion,238908.89,High,NorthAmerica,3Summer
163,260752,1,1,2060.45,NoPromotion,487300.94,High,NorthAmerica,4Fall
163,65199,1,2,1698.79,NoPromotion,66309.07,High,NorthAmerica,1Winter
164,126419,2,2,420.64,YesPromotion,237617.50,High,NorthAmerica,2Spring
164,163324,2,2,547.70,YesPromotion,268599.46,High,NorthAmerica,3Summer
164,179442,2,2,552.65,NoPromotion,478066.64,High,NorthAmerica,4Fall
164,67809,2,2,449.06,YesPromotion,65854.15,High,NorthAmerica,1Winter
165,151234,2,2,487.64,YesPromotion,312963.29,Average,NorthAmerica,2Spring
165,279733,2,1,834.65,NoPromotion,324501.16,Average,NorthAmerica,3Summer
165,180176,1,1,2036.75,YesPromotion,284421.02,Average,NorthAmerica,4Fall
165,160956,2,1,916.52,NoPromotion,146747.04,Average,NorthAmerica,1Winter
166,176549,2,1,1433.43,YesPromotion,217526.80,Average,NorthAmerica,2Spring
166,164024,2,2,537.70,NoPromotion,383933.91,Average,NorthAmerica,3Summer
166,166979,2,2,461.52,YesPromotion,413353.16,Average,NorthAmerica,4Fall
166,112835,1,2,1350.17,YesPromotion,96615.41,Average,NorthAmerica,1Winter
167,133016,2,2,289.23,YesPromotion,453342.58,Low,NorthAmerica,2Spring
167,216142,2,1,1025.09,NoPromotion,384044.76,Low,NorthAmerica,3Summer
167,146236,1,2,1339.85,YesPromotion,348763.84,Low,NorthAmerica,4Fall
167,211559,2,1,1026.76,NoPromotion,321171.55,Low,NorthAmerica,1Winter
168,170110,2,1,727.89,YesPromotion,203529.81,Low,NorthAmerica,2Spring
168,201277,2,1,1144.99,NoPromotion,296535.10,Low,NorthAmerica,3Summer
168,227865,2,1,859.22,YesPromotion,178366.14,Low,NorthAmerica,4Fall
168,30486,1,1,2038.45,NoPromotion,199981.48,Low,NorthAmerica,1Winter
169,161049,1,1,1922.56,YesPromotion,358710.25,Average,NorthAmerica,2Spring
169,225936,2,1,967.08,YesPromotion,171895.06,Average,NorthAmerica,3Summer
169,351114,2,1,1246.19,NoPromotion,370779.72,Average,NorthAmerica,4Fall
169,65108,2,2,496.98,YesPromotion,126862.46,Average,NorthAmerica,1Winter
170,8595,1,1,2030.05,NoPromotion,179547.38,Average,Europe,2Spring
170,80614,1,2,1755.47,NoPromotion,205328.41,Average,Europe,3Summer
170,15091,2,2,449.03,YesPromotion,59334.67,Average,Europe,4Fall
170,45152,2,1,1074.04,NoPromotion,134118.81,Average,Europe,1Winter
171,140765,2,1,1211.23,NoPromotion,205013.92,High,Europe,2Spring
171,222751,2,1,1229.08,YesPromotion,148058.49,High,Europe,3Summer
171,211781,1,2,1617.29,NoPromotion,230100.82,High,Europe,4Fall
171,105268,2,2,833.39,NoPromotion,111246.34,High,Europe,1Winter
172,195475,2,1,762.12,YesPromotion,341367.24,Average,NorthAmerica,2Spring
172,157306,1,1,1915.13,YesPromotion,350560.18,Average,NorthAmerica,3Summer
172,69196,1,1,2027.00,NoPromotion,348357.91,Average,NorthAmerica,4Fall
172,65136,1,1,1952.75,NoPromotion,412589.70,Average,NorthAmerica,1Winter
173,5672,1,1,2047.19,NoPromotion,241655.35,Low,NorthAmerica,2Spring
173,240986,1,2,1238.82,YesPromotion,383858.10,Low,NorthAmerica,3Summer
173,6030,1,1,2005.46,NoPromotion,209475.53,Low,NorthAmerica,4Fall
173,81527,2,2,580.76,NoPromotion,336670.92,Low,NorthAmerica,1Winter
174,260617,2,1,802.79,YesPromotion,381759.22,High,NorthAmerica,2Spring
174,217151,1,2,1420.95,NoPromotion,204953.47,High,NorthAmerica,3Summer
174,264721,1,1,1805.62,YesPromotion,281313.93,High,NorthAmerica,4Fall
174,216181,2,2,415.67,YesPromotion,336542.30,High,NorthAmerica,1Winter
175,215869,2,1,1041.69,NoPromotion,134965.88,High,Europe,2Spring
175,258967,1,1,2130.79,NoPromotion,127347.81,High,Europe,3Summer
175,264345,2,1,1257.12,NoPromotion,133609.78,High,Europe,4Fall
175,178741,1,2,1538.41,NoPromotion,138353.54,High,Europe,1Winter
176,146477,1,2,1372.31,YesPromotion,276731.59,Average,NorthAmerica,2Spring
176,222166,1,2,1229.33,YesPromotion,282786.94,Average,NorthAmerica,3Summer
176,114691,1,1,2078.03,NoPromotion,233146.94,Average,NorthAmerica,4Fall
176,227600,2,1,1056.83,NoPromotion,327375.12,Average,NorthAmerica,1Winter
177,25747,1,1,1942.22,YesPromotion,125407.88,Average,Europe,2Spring
177,248581,1,2,1439.23,YesPromotion,154669.67,Average,Europe,3Summer
177,56966,2,2,497.31,YesPromotion,85938.25,Average,Europe,4Fall
177,130863,1,2,1343.18,NoPromotion,111562.02,Average,Europe,1Winter
178,163519,2,2,428.49,YesPromotion,441935.76,Average,NorthAmerica,2Spring
178,243959,2,1,926.98,NoPromotion,284537.15,Average,NorthAmerica,3Summer
178,249661,1,1,1941.72,YesPromotion,482870.36,Average,NorthAmerica,4Fall
178,106524,1,1,2140.90,NoPromotion,377266.19,Average,NorthAmerica,1Winter
179,108299,1,1,2020.97,YesPromotion,163754.88,Average,Europe,2Spring
179,124870,2,2,549.69,NoPromotion,113620.83,Average,Europe,3Summer
179,164365,1,1,2224.71,YesPromotion,222246.95,Average,Europe,4Fall
179,146890,2,2,455.67,YesPromotion,193313.03,Average,Europe,1Winter
180,271448,1,1,1968.33,YesPromotion,176244.85,High,Europe,2Spring
180,356784,1,2,1248.47,YesPromotion,88822.44,High,Europe,3Summer
180,243565,2,1,1076.10,NoPromotion,91623.32,High,Europe,4Fall
180,170009,2,2,445.26,YesPromotion,158811.94,High,Europe,1Winter
181,9078,1,1,1923.81,YesPromotion,97229.77,Low,Europe,2Spring
181,116260,2,1,1115.99,NoPromotion,134122.59,Low,Europe,3Summer
181,121718,1,1,1864.43,YesPromotion,217031.63,Low,Europe,4Fall
181,22007,1,1,1755.90,NoPromotion,172623.59,Low,Europe,1Winter
182,88462,2,2,683.37,NoPromotion,116952.17,Average,Europe,2Spring
182,108258,1,1,2135.21,NoPromotion,136687.98,Average,Europe,3Summer
182,110314,2,2,560.20,NoPromotion,192505.89,Average,Europe,4Fall
182,218135,2,1,681.11,YesPromotion,117700.86,Average,Europe,1Winter
183,262475,1,2,1408.97,YesPromotion,171594.03,High,Europe,2Spring
183,209797,2,1,1542.33,NoPromotion,174445.29,High,Europe,3Summer
183,139874,2,2,576.59,NoPromotion,198135.07,High,Europe,4Fall
183,258737,2,1,850.26,YesPromotion,176738.25,High,Europe,1Winter
184,214117,2,1,877.77,YesPromotion,190850.91,High,Europe,2Spring
184,274916,1,1,1961.72,YesPromotion,193889.54,High,Europe,3Summer
184,163845,2,2,461.56,YesPromotion,126679.62,High,Europe,4Fall
184,183908,1,2,1304.86,NoPromotion,88571.39,High,Europe,1Winter
185,131409,1,2,1938.70,NoPromotion,339822.26,High,NorthAmerica,2Spring
185,219355,1,1,2097.33,NoPromotion,328430.65,High,NorthAmerica,3Summer
185,328765,1,2,1564.44,NoPromotion,495186.68,High,NorthAmerica,4Fall
185,70185,1,1,2156.32,NoPromotion,177603.88,High,NorthAmerica,1Winter
186,60731,2,2,406.58,YesPromotion,245210.23,Low,NorthAmerica,2Spring
186,268484,2,1,989.94,YesPromotion,310412.44,Low,NorthAmerica,3Summer
186,29810,2,2,500.30,NoPromotion,225804.76,Low,NorthAmerica,4Fall
186,134014,2,2,388.84,YesPromotion,138120.99,Low,NorthAmerica,1Winter
187,97018,1,2,1626.00,YesPromotion,245471.77,Average,NorthAmerica,2Spring
187,175822,1,2,1448.35,NoPromotion,285310.07,Average,NorthAmerica,3Summer
187,160660,1,2,1760.60,NoPromotion,458094.59,Average,NorthAmerica,4Fall
187,125309,1,1,2068.27,YesPromotion,233486.63,Average,NorthAmerica,1Winter
188,105017,1,1,1941.02,YesPromotion,122954.27,Average,Europe,2Spring
188,130748,2,2,651.03,NoPromotion,65255.80,Average,Europe,3Summer
188,168332,1,1,2116.74,YesPromotion,126285.86,Average,Europe,4Fall
188,149854,1,1,2089.74,NoPromotion,132777.33,Average,Europe,1Winter
189,118851,1,1,2087.03,NoPromotion,203505.68,Average,Europe,2Spring
189,306613,1,2,1413.01,YesPromotion,159979.79,Average,Europe,3Summer
189,166812,2,1,733.01,NoPromotion,110321.89,Average,Europe,4Fall
189,115084,1,1,2065.16,NoPromotion,74034.27,Average,Europe,1Winter
190,154170,1,1,2087.36,NoPromotion,148544.23,High,Europe,2Spring
190,219289,1,1,2100.92,NoPromotion,153265.66,High,Europe,3Summer
190,284312,1,2,1293.68,YesPromotion,79567.83,High,Europe,4Fall
190,213301,1,1,1940.04,NoPromotion,161596.88,High,Europe,1Winter
191,52116,2,2,575.04,NoPromotion,185178.83,High,Europe,2Spring
191,138774,2,1,1133.97,NoPromotion,166664.55,High,Europe,3Summer
191,91357,2,2,580.68,YesPromotion,141568.27,High,Europe,4Fall
191,126620,1,2,1324.24,YesPromotion,235176.13,High,Europe,1Winter
192,266640,2,1,1156.33,NoPromotion,418676.22,Average,NorthAmerica,2Spring
192,135009,1,1,2037.30,NoPromotion,339031.56,Average,NorthAmerica,3Summer
192,239280,2,1,1131.73,NoPromotion,282631.63,Average,NorthAmerica,4Fall
192,168758,1,1,1766.09,NoPromotion,350618.60,Average,NorthAmerica,1Winter
193,159163,1,2,1318.10,YesPromotion,350837.03,Average,NorthAmerica,2Spring
193,187950,2,1,1330.48,NoPromotion,326254.48,Average,NorthAmerica,3Summer
193,128120,2,2,611.56,NoPromotion,265989.55,Average,NorthAmerica,4Fall
193,240149,2,1,702.57,YesPromotion,197269.90,Average,NorthAmerica,1Winter
194,118997,2,1,847.19,NoPromotion,162547.72,High,Europe,2Spring
194,166024,2,2,307.25,YesPromotion,133434.36,High,Europe,3Summer
194,153009,2,2,509.44,YesPromotion,124764.16,High,Europe,4Fall
194,226214,1,1,1985.60,YesPromotion,147659.29,High,Europe,1Winter
195,164056,1,1,1929.24,YesPromotion,136193.56,High,Europe,2Spring
195,144327,2,2,411.30,YesPromotion,136749.03,High,Europe,3Summer
195,242714,2,1,826.83,YesPromotion,245902.18,High,Europe,4Fall
195,192817,1,2,1175.83,YesPromotion,170385.14,High,Europe,1Winter
196,177616,2,1,739.94,YesPromotion,178102.66,Average,Europe,2Spring
196,174298,2,2,539.54,NoPromotion,172861.90,Average,Europe,3Summer
196,188774,1,2,1530.84,NoPromotion,143547.34,Average,Europe,4Fall
196,175736,1,2,1723.84,NoPromotion,97108.39,Average,Europe,1Winter
197,71627,1,2,1593.55,NoPromotion,457774.18,Low,NorthAmerica,2Spring
197,140228,2,2,477.49,YesPromotion,345155.58,Low,NorthAmerica,3Summer
197,126364,1,1,1965.62,YesPromotion,351637.60,Low,NorthAmerica,4Fall
197,212317,2,1,748.56,NoPromotion,368020.84,Low,NorthAmerica,1Winter
198,60298,1,1,1935.25,YesPromotion,120543.46,Average,Europe,2Spring
198,128914,2,1,947.43,YesPromotion,128898.35,Average,Europe,3Summer
198,141693,2,1,913.24,NoPromotion,213864.05,Average,Europe,4Fall
198,112232,2,2,341.85,YesPromotion,212456.91,Average,Europe,1Winter
199,54725,2,2,414.69,YesPromotion,275925.90,Average,NorthAmerica,2Spring
199,44659,1,2,1285.49,NoPromotion,84541.24,Average,NorthAmerica,3Summer
199,123928,1,1,2031.26,NoPromotion,447693.02,Average,NorthAmerica,4Fall
199,190198,2,1,965.60,YesPromotion,188609.14,Average,NorthAmerica,1Winter
200,219156,2,1,879.46,NoPromotion,101373.58,Average,Europe,2Spring
200,151975,2,2,398.47,NoPromotion,116076.33,Average,Europe,3Summer
200,224114,2,1,801.90,YesPromotion,159824.54,Average,Europe,4Fall
200,140344,2,2,313.09,YesPromotion,206696.53,Average,Europe,1Winter
201,50052,2,1,1285.27,NoPromotion,197034.18,Average,Europe,2Spring
201,140992,2,1,808.40,NoPromotion,161429.18,Average,Europe,3Summer
201,148846,1,1,1764.43,NoPromotion,114943.13,Average,Europe,4Fall
201,222439,2,1,908.92,YesPromotion,212533.49,Average,Europe,1Winter
202,5124,1,1,2054.93,NoPromotion,125534.43,Low,Europe,2Spring
202,65966,1,1,1911.41,YesPromotion,220601.00,Low,Europe,3Summer
202,178140,2,1,928.36,YesPromotion,77870.69,Low,Europe,4Fall
202,70501,2,2,499.58,YesPromotion,101445.22,Low,Europe,1Winter
203,162811,1,2,1503.12,NoPromotion,151867.95,High,Europe,2Spring
203,130543,2,2,613.33,NoPromotion,139188.33,High,Europe,3Summer
203,130288,2,2,364.13,YesPromotion,188123.01,High,Europe,4Fall
203,80591,2,2,627.23,NoPromotion,70451.18,High,Europe,1Winter
204,164983,2,1,1308.16,YesPromotion,203220.54,Low,Europe,2Spring
204,7721,1,1,2052.62,NoPromotion,143589.51,Low,Europe,3Summer
204,29729,2,2,408.70,YesPromotion,169855.80,Low,Europe,4Fall
204,83564,2,2,385.41,YesPromotion,128659.25,Low,Europe,1Winter
205,187244,1,1,1949.73,YesPromotion,228825.37,High,Europe,2Spring
205,218898,1,1,1954.97,YesPromotion,116028.45,High,Europe,3Summer
205,209361,2,1,1038.52,NoPromotion,110053.42,High,Europe,4Fall
205,134882,2,1,1179.90,NoPromotion,113299.96,High,Europe,1Winter
206,167642,1,2,1689.05,NoPromotion,293542.30,Average,NorthAmerica,2Spring
206,179562,1,2,1701.01,NoPromotion,211638.19,Average,NorthAmerica,3Summer
206,263928,1,2,1477.48,YesPromotion,280339.54,Average,NorthAmerica,4Fall
206,187038,1,1,1982.76,YesPromotion,270338.28,Average,NorthAmerica,1Winter
207,63675,1,1,2013.04,NoPromotion,147176.69,Average,Europe,2Spring
207,184001,1,2,1578.31,NoPromotion,76565.68,Average,Europe,3Summer
207,193017,1,2,1301.28,YesPromotion,104749.31,Average,Europe,4Fall
207,110267,1,2,1626.01,NoPromotion,153576.03,Average,Europe,1Winter
208,50516,1,2,1476.41,NoPromotion,229259.88,Low,Europe,2Spring
208,179838,1,2,1174.44,YesPromotion,110661.92,Low,Europe,3Summer
208,35542,2,2,434.37,YesPromotion,160495.19,Low,Europe,4Fall
208,93058,1,2,1501.97,NoPromotion,96462.75,Low,Europe,1Winter
209,157324,2,1,1069.86,NoPromotion,288165.00,Average,NorthAmerica,2Spring
209,177461,1,2,1614.19,YesPromotion,266372.66,Average,NorthAmerica,3Summer
209,52484,1,1,2033.40,NoPromotion,406341.20,Average,NorthAmerica,4Fall
209,88136,2,2,570.59,NoPromotion,293668.63,Average,NorthAmerica,1Winter
210,58824,2,1,1025.55,NoPromotion,58740.08,Low,Europe,2Spring
210,134420,1,2,1407.61,YesPromotion,163172.93,Low,Europe,3Summer
210,56786,2,2,604.82,NoPromotion,190209.29,Low,Europe,4Fall
210,82526,2,2,495.20,YesPromotion,175452.84,Low,Europe,1Winter
211,108992,1,1,1989.53,YesPromotion,58675.87,Average,Europe,2Spring
211,287049,1,2,1274.49,NoPromotion,154589.44,Average,Europe,3Summer
211,199864,1,2,1654.31,NoPromotion,139813.88,Average,Europe,4Fall
211,233985,1,2,1343.13,YesPromotion,142651.21,Average,Europe,1Winter
212,187832,1,2,1667.24,NoPromotion,124392.89,High,Europe,2Spring
212,289462,1,1,1873.31,YesPromotion,196369.16,High,Europe,3Summer
212,219872,1,1,2020.66,NoPromotion,152012.56,High,Europe,4Fall
212,220046,1,2,1409.79,YesPromotion,109963.51,High,Europe,1Winter
213,55214,2,2,481.65,YesPromotion,139618.77,Low,Europe,2Spring
213,125491,1,1,1862.68,YesPromotion,266043.12,Low,Europe,3Summer
213,140490,2,2,438.84,YesPromotion,152755.14,Low,Europe,4Fall
213,73184,2,2,592.80,YesPromotion,57209.92,Low,Europe,1Winter
214,50624,2,1,1548.05,NoPromotion,59276.86,Average,NorthAmerica,2Spring
214,106476,1,1,2068.04,NoPromotion,299943.96,Average,NorthAmerica,3Summer
214,122457,2,2,339.71,YesPromotion,225569.05,Average,NorthAmerica,4Fall
214,149899,1,1,1951.35,YesPromotion,309907.27,Average,NorthAmerica,1Winter
215,124485,2,1,1065.06,NoPromotion,155254.26,Average,Europe,2Spring
215,111055,2,2,427.73,YesPromotion,138554.72,Average,Europe,3Summer
215,204054,1,2,1954.72,NoPromotion,187516.11,Average,Europe,4Fall
215,164267,2,1,968.89,YesPromotion,107148.58,Average,Europe,1Winter
216,89827,2,2,632.38,NoPromotion,137875.43,Average,Europe,2Spring
216,202330,2,1,1037.66,YesPromotion,154265.37,Average,Europe,3Summer
216,229803,1,2,1501.34,NoPromotion,127189.96,Average,Europe,4Fall
216,125622,2,2,704.99,NoPromotion,179514.82,Average,Europe,1Winter
217,109282,2,1,772.65,YesPromotion,160473.31,High,Europe,2Spring
217,164956,1,1,1948.48,YesPromotion,59960.19,High,Europe,3Summer
217,228773,1,1,1846.74,YesPromotion,150449.68,High,Europe,4Fall
217,128420,1,1,2025.34,NoPromotion,99509.71,High,Europe,1Winter
218,102316,2,2,533.91,NoPromotion,173995.73,High,Europe,2Spring
218,214453,2,1,1089.84,YesPromotion,169107.84,High,Europe,3Summer
218,155751,2,2,605.17,YesPromotion,123291.75,High,Europe,4Fall
218,135764,2,2,379.86,YesPromotion,57757.53,High,Europe,1Winter
219,229060,2,1,1301.54,YesPromotion,369529.14,High,NorthAmerica,2Spring
219,254992,1,1,1821.40,NoPromotion,219834.69,High,NorthAmerica,3Summer
219,340937,2,1,1091.67,NoPromotion,518552.07,High,NorthAmerica,4Fall
219,248912,2,1,668.60,YesPromotion,180020.02,High,NorthAmerica,1Winter
220,134565,2,1,1150.95,YesPromotion,111778.74,Average,Europe,2Spring
220,191818,2,1,1029.66,NoPromotion,137069.98,Average,Europe,3Summer
220,184897,2,1,1244.57,NoPromotion,133905.30,Average,Europe,4Fall
220,163814,2,1,1121.57,YesPromotion,82466.47,Average,Europe,1Winter
221,83083,2,1,1265.67,NoPromotion,331437.57,Low,NorthAmerica,2Spring
221,160832,1,2,1373.99,YesPromotion,388634.12,Low,NorthAmerica,3Summer
221,129772,2,2,357.92,YesPromotion,288015.15,Low,NorthAmerica,4Fall
221,91489,2,2,329.59,YesPromotion,329089.14,Low,NorthAmerica,1Winter
222,17931,1,2,1946.40,NoPromotion,229587.29,Low,Europe,2Spring
222,48518,1,1,2113.90,NoPromotion,141232.96,Low,Europe,3Summer
222,70648,1,1,2075.14,NoPromotion,250339.46,Low,Europe,4Fall
222,22439,1,1,2050.73,NoPromotion,129399.55,Low,Europe,1Winter
223,112942,2,2,403.82,YesPromotion,423352.76,Average,NorthAmerica,2Spring
223,133245,2,2,503.78,NoPromotion,335693.62,Average,NorthAmerica,3Summer
223,137845,2,2,465.07,YesPromotion,194754.75,Average,NorthAmerica,4Fall
223,188647,2,1,1073.08,NoPromotion,295976.98,Average,NorthAmerica,1Winter
224,51531,2,2,438.34,YesPromotion,135509.36,Low,Europe,2Spring
224,118773,1,2,2064.23,NoPromotion,211176.42,Low,Europe,3Summer
224,30724,1,1,1876.96,YesPromotion,125959.19,Low,Europe,4Fall
224,79347,2,2,572.62,NoPromotion,198542.09,Low,Europe,1Winter
225,137469,2,1,1116.95,NoPromotion,149303.79,Low,Europe,2Spring
225,64340,1,1,1969.64,YesPromotion,110983.68,Low,Europe,3Summer
225,6263,1,1,2327.68,NoPromotion,151256.64,Low,Europe,4Fall
225,149151,1,2,1403.12,YesPromotion,147248.51,Low,Europe,1Winter
226,179382,1,1,1984.71,YesPromotion,150833.39,Average,Europe,2Spring
226,279482,1,2,1987.27,NoPromotion,142627.04,Average,Europe,3Summer
226,125201,2,2,685.77,NoPromotion,171920.45,Average,Europe,4Fall
226,160233,1,2,1220.04,NoPromotion,84403.72,Average,Europe,1Winter
227,161516,1,2,1724.29,YesPromotion,408579.66,Low,NorthAmerica,2Spring
227,190990,2,2,533.38,NoPromotion,474965.36,Low,NorthAmerica,3Summer
227,41017,2,2,545.97,NoPromotion,168395.09,Low,NorthAmerica,4Fall
227,73065,1,1,1942.46,YesPromotion,101144.34,Low,NorthAmerica,1Winter
228,241910,1,2,1248.18,YesPromotion,348179.25,Average,NorthAmerica,2Spring
228,327150,1,2,1239.93,YesPromotion,493485.18,Average,NorthAmerica,3Summer
228,288520,1,2,1272.04,YesPromotion,338674.09,Average,NorthAmerica,4Fall
228,222123,1,2,1371.78,YesPromotion,239241.04,Average,NorthAmerica,1Winter
229,66010,1,2,1271.31,NoPromotion,413492.64,Low,NorthAmerica,2Spring
229,91508,1,1,2100.68,NoPromotion,353324.76,Low,NorthAmerica,3Summer
229,8368,2,2,514.85,NoPromotion,275136.29,Low,NorthAmerica,4Fall
229,61579,2,2,512.60,NoPromotion,374754.04,Low,NorthAmerica,1Winter
230,199674,2,2,385.17,YesPromotion,323913.57,High,NorthAmerica,2Spring
230,341395,2,1,1133.01,NoPromotion,442327.16,High,NorthAmerica,3Summer
230,229014,1,2,1065.37,YesPromotion,335539.05,High,NorthAmerica,4Fall
230,227356,2,1,863.29,YesPromotion,175587.91,High,NorthAmerica,1Winter
231,93678,2,2,551.66,NoPromotion,185271.32,Average,Europe,2Spring
231,259350,1,2,1939.54,NoPromotion,206828.64,Average,Europe,3Summer
231,249335,2,1,903.28,YesPromotion,108479.75,Average,Europe,4Fall
231,154840,1,1,2086.11,NoPromotion,121214.49,Average,Europe,1Winter
232,135269,2,2,765.03,YesPromotion,165926.66,Average,Europe,2Spring
232,112981,1,1,1936.05,YesPromotion,233798.98,Average,Europe,3Summer
232,198648,2,1,853.34,YesPromotion,222204.17,Average,Europe,4Fall
232,148922,1,2,2021.49,NoPromotion,176819.71,Average,Europe,1Winter
233,163164,1,2,1510.29,NoPromotion,209205.67,High,Europe,2Spring
233,153007,1,1,2114.67,NoPromotion,156621.41,High,Europe,3Summer
233,170889,1,2,1548.86,NoPromotion,196991.31,High,Europe,4Fall
233,200175,2,1,1137.49,YesPromotion,110406.71,High,Europe,1Winter
234,5279,1,1,2064.24,NoPromotion,178760.37,Low,NorthAmerica,2Spring
234,42703,1,2,1575.65,NoPromotion,278300.68,Low,NorthAmerica,3Summer
234,66241,2,2,282.09,YesPromotion,145479.16,Low,NorthAmerica,4Fall
234,44215,1,1,1945.13,YesPromotion,223154.51,Low,NorthAmerica,1Winter
235,40447,2,2,448.16,NoPromotion,224956.88,Average,NorthAmerica,2Spring
235,109080,1,1,1911.40,YesPromotion,285469.38,Average,NorthAmerica,3Summer
235,147865,2,2,420.17,YesPromotion,143995.45,Average,NorthAmerica,4Fall
235,202900,1,2,1389.59,YesPromotion,452950.91,Average,NorthAmerica,1Winter
236,222833,1,2,1267.06,YesPromotion,357067.05,Average,NorthAmerica,2Spring
236,227323,1,2,1495.64,NoPromotion,420115.58,Average,NorthAmerica,3Summer
236,330646,2,1,838.18,YesPromotion,362032.08,Average,NorthAmerica,4Fall
236,210041,1,1,1922.90,YesPromotion,322609.92,Average,NorthAmerica,1Winter
237,41503,1,1,1840.98,YesPromotion,358515.08,Low,NorthAmerica,2Spring
237,13279,2,2,583.42,NoPromotion,264146.15,Low,NorthAmerica,3Summer
237,103801,1,1,1821.34,YesPromotion,380136.57,Low,NorthAmerica,4Fall
237,88699,1,2,1652.68,YesPromotion,279996.64,Low,NorthAmerica,1Winter
238,5616,2,2,489.99,YesPromotion,258669.96,Average,NorthAmerica,2Spring
238,37008,1,1,2061.86,NoPromotion,236229.81,Average,NorthAmerica,3Summer
238,73730,2,2,430.93,YesPromotion,194239.57,Average,NorthAmerica,4Fall
238,20314,2,2,545.30,NoPromotion,279855.46,Average,NorthAmerica,1Winter
239,138062,1,2,1684.39,NoPromotion,347037.48,Average,NorthAmerica,2Spring
239,108244,1,1,2020.08,YesPromotion,163075.35,Average,NorthAmerica,3Summer
239,251786,2,1,1012.82,NoPromotion,228427.04,Average,NorthAmerica,4Fall
239,133464,2,2,493.18,YesPromotion,316445.12,Average,NorthAmerica,1Winter
240,209482,1,2,1460.79,NoPromotion,426799.12,Average,NorthAmerica,2Spring
240,132663,1,2,1519.37,NoPromotion,219349.72,Average,NorthAmerica,3Summer
240,135881,2,2,456.63,YesPromotion,232263.68,Average,NorthAmerica,4Fall
240,287299,2,1,695.88,YesPromotion,342076.47,Average,NorthAmerica,1Winter
241,60766,2,1,1211.22,NoPromotion,143531.80,High,NorthAmerica,2Spring
241,152375,1,1,1934.54,YesPromotion,273902.57,High,NorthAmerica,3Summer
241,88751,2,2,480.76,YesPromotion,337895.96,High,NorthAmerica,4Fall
241,240105,2,2,474.56,YesPromotion,345748.17,High,NorthAmerica,1Winter
242,136665,2,2,556.10,NoPromotion,411515.82,Average,NorthAmerica,2Spring
242,115390,2,2,660.19,NoPromotion,311582.80,Average,NorthAmerica,3Summer
242,231848,1,1,1790.86,YesPromotion,384006.28,Average,NorthAmerica,4Fall
242,149810,1,1,2026.51,NoPromotion,433523.21,Average,NorthAmerica,1Winter
243,43197,1,1,1957.39,YesPromotion,217775.54,Low,Europe,2Spring
243,65567,2,2,373.72,YesPromotion,168399.89,Low,Europe,3Summer
243,99082,2,2,456.62,YesPromotion,165739.24,Low,Europe,4Fall
243,65961,2,2,474.90,YesPromotion,197064.07,Low,Europe,1Winter
244,18173,1,1,2233.08,NoPromotion,185917.90,Average,Europe,2Spring
244,77642,2,2,366.83,YesPromotion,141106.33,Average,Europe,3Summer
244,48937,1,1,2199.96,NoPromotion,152235.84,Average,Europe,4Fall
244,63593,2,2,492.99,YesPromotion,130187.41,Average,Europe,1Winter
245,217589,2,1,1156.19,NoPromotion,431821.71,Low,NorthAmerica,2Spring
245,128007,2,2,450.27,YesPromotion,299278.56,Low,NorthAmerica,3Summer
245,54752,1,1,1895.07,YesPromotion,268580.95,Low,NorthAmerica,4Fall
245,38283,2,2,558.57,NoPromotion,209295.38,Low,NorthAmerica,1Winter
246,33212,2,2,572.76,NoPromotion,140837.88,Low,Europe,2Spring
246,35481,1,1,2091.42,NoPromotion,127871.20,Low,Europe,3Summer
246,125607,1,2,1440.58,YesPromotion,159939.82,Low,Europe,4Fall
246,7505,1,1,2098.96,NoPromotion,56221.52,Low,Europe,1Winter
247,151724,2,1,942.66,YesPromotion,323405.10,Low,NorthAmerica,2Spring
247,113183,1,2,1771.11,NoPromotion,405728.30,Low,NorthAmerica,3Summer
247,9096,1,1,2012.01,NoPromotion,213985.07,Low,NorthAmerica,4Fall
247,70052,1,2,1438.51,YesPromotion,325412.21,Low,NorthAmerica,1Winter
248,191001,2,2,350.73,YesPromotion,297238.74,Average,NorthAmerica,2Spring
248,200425,1,2,2016.56,NoPromotion,327497.19,Average,NorthAmerica,3Summer
248,197600,1,1,2070.63,NoPromotion,515198.49,Average,NorthAmerica,4Fall
248,266844,2,1,903.27,YesPromotion,249753.13,Average,NorthAmerica,1Winter
249,44738,2,2,510.45,NoPromotion,308586.73,Low,NorthAmerica,2Spring
249,269976,1,2,1425.52,YesPromotion,448646.29,Low,NorthAmerica,3Summer
249,72156,1,1,1935.92,NoPromotion,288235.10,Low,NorthAmerica,4Fall
249,174954,1,1,1917.18,YesPromotion,427774.35,Low,NorthAmerica,1Winter
250,159130,1,1,1847.90,YesPromotion,311102.00,High,NorthAmerica,2Spring
250,235962,2,1,1287.09,YesPromotion,239949.54,High,NorthAmerica,3Summer
250,151191,1,2,1668.16,NoPromotion,383382.24,High,NorthAmerica,4Fall
250,359373,2,1,943.40,YesPromotion,418965.86,High,NorthAmerica,1Winter
251,9799,2,2,454.42,YesPromotion,58002.56,Low,Europe,2Spring
251,64281,2,2,598.26,NoPromotion,146272.94,Low,Europe,3Summer
251,144802,1,2,1163.38,YesPromotion,186998.98,Low,Europe,4Fall
251,83604,1,2,1017.70,YesPromotion,148596.15,Low,Europe,1Winter
252,169713,2,1,827.15,YesPromotion,102191.00,High,Europe,2Spring
252,155974,2,1,810.39,NoPromotion,127561.48,High,Europe,3Summer
252,153835,1,1,2142.76,NoPromotion,83702.36,High,Europe,4Fall
252,155396,2,1,828.10,YesPromotion,131928.93,High,Europe,1Winter
253,79703,2,2,349.16,YesPromotion,170951.43,High,Europe,2Spring
253,250126,2,1,724.54,YesPromotion,198344.07,High,Europe,3Summer
253,225597,1,2,1392.54,YesPromotion,102148.53,High,Europe,4Fall
253,56404,2,2,562.96,NoPromotion,190168.63,High,Europe,1Winter
254,164702,1,2,1056.50,YesPromotion,172596.66,High,NorthAmerica,2Spring
254,164576,2,2,441.98,YesPromotion,274639.58,High,NorthAmerica,3Summer
254,224546,1,1,1922.26,NoPromotion,343953.59,High,NorthAmerica,4Fall
254,154755,1,2,1735.64,YesPromotion,222885.33,High,NorthAmerica,1Winter
255,143004,2,1,1477.60,NoPromotion,108574.59,Average,NorthAmerica,2Spring
255,64285,2,2,545.81,NoPromotion,192095.36,Average,NorthAmerica,3Summer
255,289492,1,2,1640.02,YesPromotion,324712.00,Average,NorthAmerica,4Fall
255,90823,1,1,1934.75,NoPromotion,316658.00,Average,NorthAmerica,1Winter
256,205251,1,2,1297.25,YesPromotion,140625.90,High,Europe,2Spring
256,246885,1,1,1988.81,YesPromotion,233359.81,High,Europe,3Summer
256,162079,1,2,1643.30,NoPromotion,218335.08,High,Europe,4Fall
256,107180,1,1,2231.16,NoPromotion,101333.77,High,Europe,1Winter
257,80418,1,2,1540.78,NoPromotion,145240.32,Low,Europe,2Spring
257,190102,1,2,1305.60,YesPromotion,167344.14,Low,Europe,3Summer
257,143546,1,1,1902.57,YesPromotion,165476.26,Low,Europe,4Fall
257,81584,1,1,1888.48,YesPromotion,137042.89,Low,Europe,1Winter
258,226701,2,1,1113.83,NoPromotion,173519.02,Average,Europe,2Spring
258,208611,1,2,1564.14,NoPromotion,56167.63,Average,Europe,3Summer
258,215091,1,2,1516.31,NoPromotion,116183.50,Average,Europe,4Fall
258,172823,1,2,1584.95,NoPromotion,174686.34,Average,Europe,1Winter
259,209824,2,1,962.58,YesPromotion,68748.51,High,NorthAmerica,2Spring
259,210829,2,2,440.72,YesPromotion,372166.64,High,NorthAmerica,3Summer
259,182256,2,2,534.75,NoPromotion,348477.17,High,NorthAmerica,4Fall
259,341814,2,1,1101.48,YesPromotion,412404.67,High,NorthAmerica,1Winter
260,245814,1,2,1297.06,YesPromotion,160328.55,High,Europe,2Spring
260,278414,2,1,618.50,YesPromotion,304664.27,High,Europe,3Summer
260,281517,1,1,1933.08,YesPromotion,124285.69,High,Europe,4Fall
260,217331,1,1,1885.25,YesPromotion,58306.03,High,Europe,1Winter
261,320733,2,1,820.39,YesPromotion,347629.16,High,NorthAmerica,2Spring
261,265052,2,1,1189.81,NoPromotion,404303.85,High,NorthAmerica,3Summer
261,336736,1,2,1344.40,YesPromotion,518086.44,High,NorthAmerica,4Fall
261,192734,1,2,1465.12,NoPromotion,305258.49,High,NorthAmerica,1Winter
262,131685,2,2,865.92,NoPromotion,249855.66,High,NorthAmerica,2Spring
262,110364,2,2,492.53,YesPromotion,161682.26,High,NorthAmerica,3Summer
262,239459,1,1,1900.63,YesPromotion,372854.57,High,NorthAmerica,4Fall
262,124777,1,2,1530.68,NoPromotion,145507.35,High,NorthAmerica,1Winter
263,126771,2,2,368.48,YesPromotion,200140.32,Average,NorthAmerica,2Spring
263,251183,2,1,843.31,YesPromotion,212421.07,Average,NorthAmerica,3Summer
263,331690,2,1,880.06,YesPromotion,329675.24,Average,NorthAmerica,4Fall
263,121467,2,2,491.44,NoPromotion,157925.81,Average,NorthAmerica,1Winter
264,5891,1,1,2121.70,NoPromotion,158868.88,Average,NorthAmerica,2Spring
264,228478,1,2,1518.13,NoPromotion,397121.65,Average,NorthAmerica,3Summer
264,150718,1,2,1448.83,YesPromotion,205473.22,Average,NorthAmerica,4Fall
264,142563,1,1,2020.41,NoPromotion,407824.84,Average,NorthAmerica,1Winter
265,58863,2,2,386.52,YesPromotion,179307.15,Average,Europe,2Spring
265,72226,2,2,531.84,NoPromotion,173711.45,Average,Europe,3Summer
265,167865,1,2,1367.83,YesPromotion,52891.98,Average,Europe,4Fall
265,114658,2,1,1080.73,NoPromotion,66737.20,Average,Europe,1Winter
266,202981,2,2,456.93,YesPromotion,383301.90,Average,NorthAmerica,2Spring
266,205991,2,1,819.16,NoPromotion,260618.41,Average,NorthAmerica,3Summer
266,181761,1,2,1182.83,YesPromotion,310237.77,Average,NorthAmerica,4Fall
266,80600,1,2,1518.83,NoPromotion,276289.76,Average,NorthAmerica,1Winter
267,113091,2,2,537.49,NoPromotion,182772.48,Average,Europe,2Spring
267,167346,2,2,437.07,NoPromotion,133435.91,Average,Europe,3Summer
267,152480,1,1,1865.78,YesPromotion,151237.79,Average,Europe,4Fall
267,142157,1,1,1884.35,YesPromotion,128643.23,Average,Europe,1Winter
268,137509,1,2,1704.84,NoPromotion,415727.44,Average,NorthAmerica,2Spring
268,119141,2,2,423.49,YesPromotion,296015.48,Average,NorthAmerica,3Summer
268,181466,2,1,1037.15,NoPromotion,409865.16,Average,NorthAmerica,4Fall
268,55906,1,2,1483.69,YesPromotion,228763.98,Average,NorthAmerica,1Winter
269,6550,1,1,2099.50,NoPromotion,421048.51,Low,NorthAmerica,2Spring
269,136098,2,1,879.09,NoPromotion,299052.31,Low,NorthAmerica,3Summer
269,40362,1,1,1999.47,YesPromotion,359950.52,Low,NorthAmerica,4Fall
269,178745,2,1,1382.35,YesPromotion,262921.18,Low,NorthAmerica,1Winter
270,80623,1,2,1639.93,NoPromotion,127471.89,Low,Europe,2Spring
270,167943,1,2,1988.65,YesPromotion,217999.35,Low,Europe,3Summer
270,60334,1,1,2021.05,NoPromotion,59650.53,Low,Europe,4Fall
270,59578,1,2,1629.71,NoPromotion,132335.25,Low,Europe,1Winter
271,6101,1,1,2111.26,NoPromotion,277719.01,Average,NorthAmerica,2Spring
271,175904,1,2,1692.96,NoPromotion,305903.07,Average,NorthAmerica,3Summer
271,230596,2,1,815.02,NoPromotion,349520.50,Average,NorthAmerica,4Fall
271,42347,2,2,326.29,YesPromotion,178337.06,Average,NorthAmerica,1Winter
272,168084,1,2,1606.51,NoPromotion,519831.20,Average,NorthAmerica,2Spring
272,152516,2,2,414.26,YesPromotion,279340.88,Average,NorthAmerica,3Summer
272,140751,1,1,2221.98,NoPromotion,464446.37,Average,NorthAmerica,4Fall
272,79297,2,2,546.06,NoPromotion,273624.59,Average,NorthAmerica,1Winter
273,102288,2,1,1127.53,NoPromotion,115034.26,Average,Europe,2Spring
273,292348,1,2,1637.70,YesPromotion,89660.10,Average,Europe,3Summer
273,138417,1,1,2116.18,NoPromotion,114843.15,Average,Europe,4Fall
273,210453,1,2,1428.69,YesPromotion,175299.85,Average,Europe,1Winter
274,67059,1,1,1990.95,YesPromotion,257484.62,Average,NorthAmerica,2Spring
274,203509,1,2,1531.44,NoPromotion,356952.54,Average,NorthAmerica,3Summer
274,233151,2,1,1209.47,NoPromotion,259051.34,Average,NorthAmerica,4Fall
274,118626,1,2,1587.45,YesPromotion,365271.52,Average,NorthAmerica,1Winter
275,78881,2,2,442.18,YesPromotion,148958.21,Average,Europe,2Spring
275,271188,1,2,1687.78,YesPromotion,236774.16,Average,Europe,3Summer
275,156667,1,1,2025.54,NoPromotion,185304.70,Average,Europe,4Fall
275,221512,1,2,1301.58,YesPromotion,55714.78,Average,Europe,1Winter
276,281107,2,1,986.68,YesPromotion,543093.17,Low,NorthAmerica,2Spring
276,190973,1,2,1279.36,YesPromotion,457520.82,Low,NorthAmerica,3Summer
276,173466,1,2,1347.19,YesPromotion,369125.11,Low,NorthAmerica,4Fall
276,188689,1,2,1609.19,YesPromotion,533990.31,Low,NorthAmerica,1Winter
277,106008,2,1,672.02,YesPromotion,176679.74,Average,Europe,2Spring
277,125059,1,1,1859.76,YesPromotion,128745.59,Average,Europe,3Summer
277,99216,1,1,2142.43,NoPromotion,136059.04,Average,Europe,4Fall
277,9486,2,2,533.21,NoPromotion,117032.11,Average,Europe,1Winter
278,161839,2,1,1114.47,NoPromotion,107867.29,Average,Europe,2Spring
278,217635,2,1,1206.45,YesPromotion,148002.60,Average,Europe,3Summer
278,219754,1,2,1756.33,YesPromotion,92190.92,Average,Europe,4Fall
278,134378,1,1,2027.86,NoPromotion,126088.79,Average,Europe,1Winter
279,153386,1,2,1664.05,NoPromotion,85076.71,Low,Europe,2Spring
279,161124,1,2,1345.26,NoPromotion,114312.96,Low,Europe,3Summer
279,166531,2,1,924.62,YesPromotion,162366.81,Low,Europe,4Fall
279,123218,2,2,459.39,YesPromotion,105893.57,Low,Europe,1Winter
280,167868,2,1,856.57,YesPromotion,164611.54,High,NorthAmerica,2Spring
280,287845,2,1,883.79,YesPromotion,291168.51,High,NorthAmerica,3Summer
280,335456,2,1,1071.89,YesPromotion,378951.14,High,NorthAmerica,4Fall
280,262942,2,2,468.38,YesPromotion,339728.12,High,NorthAmerica,1Winter
281,126136,2,2,505.54,NoPromotion,173292.88,High,Europe,2Spring
281,164673,2,2,453.35,YesPromotion,181584.71,High,Europe,3Summer
281,241855,1,1,2003.79,NoPromotion,214251.07,High,Europe,4Fall
281,87030,2,2,592.76,NoPromotion,120687.13,High,Europe,1Winter
282,83314,1,1,1832.87,NoPromotion,137617.87,Low,Europe,2Spring
282,106795,1,1,2138.36,NoPromotion,92130.80,Low,Europe,3Summer
282,214226,2,2,549.06,NoPromotion,247065.85,Low,Europe,4Fall
282,210839,2,1,1300.21,NoPromotion,176179.56,Low,Europe,1Winter
283,6848,1,1,2106.20,NoPromotion,165143.79,Low,Europe,2Spring
283,26137,2,2,382.95,YesPromotion,146270.65,Low,Europe,3Summer
283,106622,2,2,477.92,YesPromotion,100130.90,Low,Europe,4Fall
283,177753,2,1,893.55,YesPromotion,181448.58,Low,Europe,1Winter
284,160060,1,2,1228.51,NoPromotion,94090.11,High,Europe,2Spring
284,154079,2,2,672.62,NoPromotion,180147.20,High,Europe,3Summer
284,219725,1,2,1419.37,NoPromotion,112372.28,High,Europe,4Fall
284,153947,2,2,467.54,YesPromotion,131694.12,High,Europe,1Winter
285,178166,2,1,1177.84,NoPromotion,138373.40,High,Europe,2Spring
285,140940,2,2,477.40,YesPromotion,196982.67,High,Europe,3Summer
285,232386,1,1,1984.88,YesPromotion,121335.49,High,Europe,4Fall
285,215126,1,1,2044.03,YesPromotion,226545.69,High,Europe,1Winter
286,112345,2,2,558.82,NoPromotion,192689.99,Low,Europe,2Spring
286,68825,1,1,2080.61,NoPromotion,153594.63,Low,Europe,3Summer
286,53826,1,1,2057.26,NoPromotion,106335.06,Low,Europe,4Fall
286,111087,2,1,1157.07,NoPromotion,192108.86,Low,Europe,1Winter
287,257400,2,1,906.07,YesPromotion,379319.24,Low,NorthAmerica,2Spring
287,225057,2,1,692.35,YesPromotion,284579.21,Low,NorthAmerica,3Summer
287,81368,1,2,1931.88,NoPromotion,407039.55,Low,NorthAmerica,4Fall
287,127382,2,2,435.92,YesPromotion,291090.46,Low,NorthAmerica,1Winter
288,187354,1,2,1833.50,NoPromotion,126073.32,Average,Europe,2Spring
288,201321,1,1,2157.90,NoPromotion,227560.36,Average,Europe,3Summer
288,247705,1,2,1676.51,YesPromotion,88727.46,Average,Europe,4Fall
288,180644,2,1,1122.50,NoPromotion,176691.86,Average,Europe,1Winter
289,167808,1,2,1526.93,NoPromotion,121848.19,Average,Europe,2Spring
289,134184,1,1,1979.58,YesPromotion,167525.64,Average,Europe,3Summer
289,144417,2,1,899.99,YesPromotion,168405.36,Average,Europe,4Fall
289,191134,1,2,1366.47,YesPromotion,252182.62,Average,Europe,1Winter
290,111157,1,1,1939.88,NoPromotion,95469.05,High,Europe,2Spring
290,276838,1,1,2174.59,YesPromotion,78265.00,High,Europe,3Summer
290,351623,1,1,1802.31,YesPromotion,229873.18,High,Europe,4Fall
290,211819,2,1,941.36,NoPromotion,50156.76,High,Europe,1Winter
291,139040,2,1,906.19,YesPromotion,158743.80,High,NorthAmerica,2Spring
291,132978,2,2,587.67,NoPromotion,298355.13,High,NorthAmerica,3Summer
291,135748,1,2,1539.57,NoPromotion,363265.74,High,NorthAmerica,4Fall
291,178454,1,2,1308.42,YesPromotion,215668.19,High,NorthAmerica,1Winter
292,144193,2,1,1266.65,NoPromotion,176835.93,Low,Europe,2Spring
292,45522,1,1,2162.44,NoPromotion,185340.34,Low,Europe,3Summer
292,58827,1,1,2026.22,NoPromotion,242250.76,Low,Europe,4Fall
292,93625,1,2,1510.39,NoPromotion,80621.84,Low,Europe,1Winter
293,64963,2,2,528.58,NoPromotion,118597.32,High,Europe,2Spring
293,198329,2,1,896.54,YesPromotion,107452.91,High,Europe,3Summer
293,239027,1,1,2141.37,NoPromotion,250701.98,High,Europe,4Fall
293,153062,1,2,1162.07,NoPromotion,100563.49,High,Europe,1Winter
294,55691,2,2,657.00,NoPromotion,189236.12,Average,Europe,2Spring
294,112804,1,1,1921.42,NoPromotion,154942.46,Average,Europe,3Summer
294,122214,2,2,416.66,YesPromotion,124987.52,Average,Europe,4Fall
294,70649,2,2,506.23,NoPromotion,110441.99,Average,Europe,1Winter
295,82473,1,2,1555.81,NoPromotion,182510.86,Average,Europe,2Spring
295,150381,2,1,1093.20,NoPromotion,157957.63,Average,Europe,3Summer
295,179827,2,1,1105.75,NoPromotion,154387.47,Average,Europe,4Fall
295,129357,2,2,375.85,YesPromotion,166597.28,Average,Europe,1Winter
296,128503,2,1,1126.98,NoPromotion,58136.79,High,Europe,2Spring
296,285468,1,1,2066.94,NoPromotion,160778.32,High,Europe,3Summer
296,195037,1,1,2069.22,NoPromotion,87108.42,High,Europe,4Fall
296,196281,1,1,2015.43,NoPromotion,244730.52,High,Europe,1Winter
297,156621,2,1,1040.33,NoPromotion,258404.59,Average,Europe,2Spring
297,191768,2,1,829.45,YesPromotion,170993.34,Average,Europe,3Summer
297,212996,1,2,1484.65,NoPromotion,138508.00,Average,Europe,4Fall
297,61176,1,1,2079.01,NoPromotion,132111.05,Average,Europe,1Winter
298,129784,2,1,729.39,YesPromotion,162295.53,Low,NorthAmerica,2Spring
298,34178,2,2,453.54,NoPromotion,171745.20,Low,NorthAmerica,3Summer
298,313467,2,1,754.07,YesPromotion,292677.89,Low,NorthAmerica,4Fall
298,9544,1,1,2135.63,YesPromotion,272003.36,Low,NorthAmerica,1Winter
299,9988,1,2,1579.77,NoPromotion,106029.63,Low,NorthAmerica,2Spring
299,27541,2,2,633.99,NoPromotion,94878.41,Low,NorthAmerica,3Summer
299,42783,2,2,455.48,YesPromotion,234078.67,Low,NorthAmerica,4Fall
299,75129,2,2,547.55,NoPromotion,356303.00,Low,NorthAmerica,1Winter
300,153576,1,2,1610.79,NoPromotion,397915.44,Average,NorthAmerica,2Spring
300,272008,2,1,1202.26,YesPromotion,295191.10,Average,NorthAmerica,3Summer
300,186012,2,2,514.89,NoPromotion,290789.46,Average,NorthAmerica,4Fall
300,248232,2,1,1088.79,NoPromotion,306017.89,Average,NorthAmerica,1Winter